#,Chapter,Role,Name,"Institution, Country"
TS,Technical Summary,Coordinating Lead Author,D.L. Albritton,"National Oceanographic and Atmospheric Administration (NOAA), USA"
TS,Technical Summary,Coordinating Lead Author,L.G. Meira Filho,"Agencia Espacial Brasileira, Brazil"
,,,,
TS,Technical Summary,Lead Author,Ulrich Cubasch,"Max-Planck Institute for Meteorology, Germany"
TS,Technical Summary,Lead Author,X. Dai,"IPCC WGI Technical Support Unit, UK/National Climate Center, China"
TS,Technical Summary,Lead Author,Yihui Ding,"China Meteorological Administration, China"
TS,Technical Summary,Lead Author,David J. Griggs,"Met Office, United Kingdom"
TS,Technical Summary,Lead Author,Bruce Charles Hewitson,"University of Cape Town, South Africa"
TS,Technical Summary,Lead Author,Richard A. Houghton,"Woods Hole Research Center, USA"
TS,Technical Summary,Lead Author,I.S.A Isaksen,"University of Oslo, Norway"
TS,Technical Summary,Lead Author,Thomas R. Karl,"National Oceanographic and Atmospheric Administration (NOAA), USA"
TS,Technical Summary,Lead Author,Mack McFarland,"DuPont Fluoroproducts, USA"
TS,Technical Summary,Lead Author,V. Meleshko,"Voeikov Main Geophysical Observatory, Russian Federation"
TS,Technical Summary,Lead Author,John F. B. Mitchell,"Met Office, United Kingdom"
TS,Technical Summary,Lead Author,M. Noguer,"Met Office, United Kingdom"
TS,Technical Summary,Lead Author,B.S. Nyenzi,"Zimbabwe Drought Monitoring Centre, Zimbabwe"
TS,Technical Summary,Lead Author,Michael Oppenheimer,"Environmental Defense Fund, USA"
TS,Technical Summary,Lead Author,Joyce E. Penner,"University of Michigan, USA"
TS,Technical Summary,Lead Author,S. Pollonais,"Environment Management Authority, Trinidad and Tobago"
TS,Technical Summary,Lead Author,Thomas F. Stocker,"University of Bern, Switzerland"
TS,Technical Summary,Lead Author,Kevin E. Trenberth,"National Center for Atmospheric Research (NCAR), USA"
,,,,
TS,Technical Summary,Contributing Author,Myles R. Allen,"Rutherford Appleton Laboratory, United Kingdom"
TS,Technical Summary,Contributing Author,Alphonsus Baede,"Royal Netherlands Meteorological Institute (KNMI), The Netherlands"
TS,Technical Summary,Contributing Author,John A. Church,"Commonwealth Scientific and Industrial Research Organization (CSIRO), Australia"
TS,Technical Summary,Contributing Author,D.H. Ehhalt,"Institut fur Chemie der KFA Julich GmbH, Germany"
TS,Technical Summary,Contributing Author,Christopher K. Folland,"Met Office, United Kingdom"
TS,Technical Summary,Contributing Author,Filippo Giorgi,"Abdus Salam International Centre for Theoretical Physics, Italy"
TS,Technical Summary,Contributing Author,K. Gregory,"Centre for Business and the Environment, USA"
TS,Technical Summary,Contributing Author,James M. Haywood,"Met Office, United Kingdom"
TS,Technical Summary,Contributing Author,Joanna I. House,"Max-Planck Institute for Biogeochemistry, Germany"
TS,Technical Summary,Contributing Author,Mike Hulme,"University of East Anglia, United Kingdom"
TS,Technical Summary,Contributing Author,V.J. Jaramillo,"Universidad Nacional Autonoma de Mexico (UNAM), Mexico"
TS,Technical Summary,Contributing Author,A. Jayaraman,"Physical Research Laboratory, India"
TS,Technical Summary,Contributing Author,C.A. Johnson,"IPCC WGI Technical Support Unit, UK"
TS,Technical Summary,Contributing Author,Sylvie Joussaume,"Institut Pierre Simon Laplace (IPSL), France"
TS,Technical Summary,Contributing Author,David J. Karoly,"Monash University, Australia"
TS,Technical Summary,Contributing Author,Haroon Kheshgi,"Exxon Mobil Corporation, USA"
TS,Technical Summary,Contributing Author,C. Le Quiero,"Max-Planck Institute for Biogeochemistry, Germany"
TS,Technical Summary,Contributing Author,K. Maskell,"IPCC WGI Technical Support Unit, UK"
TS,Technical Summary,Contributing Author,Luis Jose Mata,"Universidad Central Venezuela, Venezuela"
TS,Technical Summary,Contributing Author,Bryant J. McAvaney,"Bureau of Meteorology, Australia"
TS,Technical Summary,Contributing Author,Linda O. Mearns,"National Center for Atmospheric Research (NCAR), USA"
TS,Technical Summary,Contributing Author,Gerald A. Meehl,"National Center for Atmospheric Research (NCAR), USA"
TS,Technical Summary,Contributing Author,B. Moore III,"University of New Hampshire, USA"
TS,Technical Summary,Contributing Author,R.K. Mugara,"Zambia Meteorological Department, Zambia"
TS,Technical Summary,Contributing Author,Michael Prather,"University of California Irvine, USA"
TS,Technical Summary,Contributing Author,I. Colin Prentice,"Max-Planck Institute for Biogeochemistry, Germany"
TS,Technical Summary,Contributing Author,Venkatachalam Ramaswamy,"National Oceanographic and Atmospheric Administration (NOAA), USA"
TS,Technical Summary,Contributing Author,Sarah C.B. Raper,"University of East Anglia, United Kingdom"
TS,Technical Summary,Contributing Author,"Michael James ""Jim"" Salinger","National Institute of Water and Atmospheric Research, New Zealand"
TS,Technical Summary,Contributing Author,Robert (Bob) J. Scholes,"Council for Scientific and Industrial Research (CSIR), South Africa"
TS,Technical Summary,Contributing Author,Susan Solomon,"National Oceanographic and Atmospheric Administration (NOAA), USA"
TS,Technical Summary,Contributing Author,Ronald J. Stouffer,"National Oceanographic and Atmospheric Administration (NOAA), USA"
TS,Technical Summary,Contributing Author,S.-W. Wang,"Peking University, China"
TS,Technical Summary,Contributing Author,Robert T. Watson,"World Bank, USA"
TS,Technical Summary,Contributing Author,K.S. Yap,"Malaysian Meteorological Service, Malaysia"
,,,,
TS,Technical Summary,Review Editor,Fortunat Joos,"University of Bern, Switzerland"
TS,Technical Summary,Review Editor,A. Ramirez-Rojas,"Universidad Central Venezuela, Venezuela"
TS,Technical Summary,Review Editor,John M.R. Stone,"Environment Canada, Canada"
TS,Technical Summary,Review Editor,John Zillman,"Bureau of Meteorology, Australia"
,,,,
1,The Climate System: an Overview,Coordinating Lead Author,Alphonsus Baede,"Royal Netherlands Meteorological Institute (KNMI), The Netherlands"
,,,,
1,The Climate System: an Overview,Lead Author,Epiphane Dotou Ahlonsou,"Benin National Meteorological Service, Benin"
1,The Climate System: an Overview,Lead Author,Yihui Ding,"China Meteorological Administration, China"
1,The Climate System: an Overview,Lead Author,David Schimel,"Max-Planck Institute for Biogeochemistry, Germany"
,,,,
1,The Climate System: an Overview,Review Editor,Bert Bolin,"Retired, Sweden"
1,The Climate System: an Overview,Review Editor,S. Pollonais,"Environment Management Authority, Trinidad and Tobago"
,,,,
2,Observed Climate Variability and Change,Coordinating Lead Author,Christopher K. Folland,"Met Office, United Kingdom"
2,Observed Climate Variability and Change,Coordinating Lead Author,Thomas R. Karl,"National Oceanographic and Atmospheric Administration (NOAA), USA"
,,,,
2,Observed Climate Variability and Change,Lead Author,John R. Christy,"University of Alabama Huntsville, USA"
2,Observed Climate Variability and Change,Lead Author,R.A. Clarke,"Bedford Institute of Oceanography, Canada"
2,Observed Climate Variability and Change,Lead Author,G.V. Gruza,"Institute of Global Climate and Ecology, Russian Federation"
2,Observed Climate Variability and Change,Lead Author,Jean Jouzel,"Institut Pierre Simon Laplace (IPSL), France"
2,Observed Climate Variability and Change,Lead Author,M.E. Mann,"University of Virginia, USA"
2,Observed Climate Variability and Change,Lead Author,Johannes Oerlemans,"University of Utrecht, The Netherlands"
2,Observed Climate Variability and Change,Lead Author,"Michael James ""Jim"" Salinger","National Institute of Water and Atmospheric Research, New Zealand"
2,Observed Climate Variability and Change,Lead Author,S.-W. Wang,"Peking University, China"
,,,,
2,Observed Climate Variability and Change,Contributing Author,J.J. Bates,"National Oceanographic and Atmospheric Administration (NOAA), USA"
2,Observed Climate Variability and Change,Contributing Author,M. Crowe,"National Oceanographic and Atmospheric Administration (NOAA), USA"
2,Observed Climate Variability and Change,Contributing Author,P. Frich,"Met Office, United Kingdom"
2,Observed Climate Variability and Change,Contributing Author,Pavel Ya Groisman,"National Oceanographic and Atmospheric Administration (NOAA), USA"
2,Observed Climate Variability and Change,Contributing Author,James W. Hurrell,"National Center for Atmospheric Research (NCAR), USA"
2,Observed Climate Variability and Change,Contributing Author,P. Jones,"University of East Anglia, UK"
2,Observed Climate Variability and Change,Contributing Author,David E. Parker,"Met Office, United Kingdom"
2,Observed Climate Variability and Change,Contributing Author,Thomas Peterson,"National Oceanographic and Atmospheric Administration (NOAA), USA"
2,Observed Climate Variability and Change,Contributing Author,D. Robinson,"Rutgers University, USA"
2,Observed Climate Variability and Change,Contributing Author,J. Walsh,"University of Illinois at Urbana-Champaign, USA"
2,Observed Climate Variability and Change,Contributing Author,M. Abbott,"Oregon State University, USA"
2,Observed Climate Variability and Change,Contributing Author,L. Alexander,"Hadley Centre for Climate Prediction and Research, Met Office, UK"
2,Observed Climate Variability and Change,Contributing Author,Hans Alexandersson,"Swedish Meteorological and Hydrological Institute, Sweden"
2,Observed Climate Variability and Change,Contributing Author,Richard Allan,"Commonwealth Scientific and Industrial Research Organization (CSIRO), Australia"
2,Observed Climate Variability and Change,Contributing Author,Richard B. Alley,"Pennsylvania State University, USA"
2,Observed Climate Variability and Change,Contributing Author,Peter Ambenjie,"Kenya Meteorological Department, Kenya"
2,Observed Climate Variability and Change,Contributing Author,Phillip A. Arkin,"Columbia University, USA"
2,Observed Climate Variability and Change,Contributing Author,L. Bajuk,"Mathsoft Data Analysis Products Division, USA"
2,Observed Climate Variability and Change,Contributing Author,R. Balling,"Arizona State University, USA"
2,Observed Climate Variability and Change,Contributing Author,M.Y. Bardin,"Institute of Global Climate and Ecology, Russian Federation"
2,Observed Climate Variability and Change,Contributing Author,Raymond S. Bradley,"University of Massachusetts, USA"
2,Observed Climate Variability and Change,Contributing Author,R. Brazdil,"Masaryk University, Czech Republic"
2,Observed Climate Variability and Change,Contributing Author,Keith R. Briffa,"University of East Anglia, United Kingdom"
2,Observed Climate Variability and Change,Contributing Author,H. Brooks,"National Oceanographic and Atmospheric Administration (NOAA), USA"
2,Observed Climate Variability and Change,Contributing Author,Ross D. Brown,"Environment Canada, Canada"
2,Observed Climate Variability and Change,Contributing Author,Sandra Brown,"Winrock International, USA"
2,Observed Climate Variability and Change,Contributing Author,M. Brunet-India,"University Rovira I Virgili, Spain"
2,Observed Climate Variability and Change,Contributing Author,M.A. Cane,"Columbia University, USA"
2,Observed Climate Variability and Change,Contributing Author,D. Changnon,"Northern Illinois University, USA"
2,Observed Climate Variability and Change,Contributing Author,S. Changnon,"University of Illinois at Urbana-Champaign, USA"
2,Observed Climate Variability and Change,Contributing Author,Julia Cole,"University of Colorado, USA"
2,Observed Climate Variability and Change,Contributing Author,D. Collins,"Bureau of Meteorology, Australia"
2,Observed Climate Variability and Change,Contributing Author,Edward Cook,"Columbia University, USA"
2,Observed Climate Variability and Change,Contributing Author,A. Dai,"National Center for Atmospheric Research, USA"
2,Observed Climate Variability and Change,Contributing Author,A. Douglas,"Creighton University, USA"
2,Observed Climate Variability and Change,Contributing Author,B.C. Douglas,"University of Maryland, USA"
2,Observed Climate Variability and Change,Contributing Author,Jean-Claude Duplessy,"Institut Pierre Simon Laplace (IPSL), France"
2,Observed Climate Variability and Change,Contributing Author,D. Easterling,"NOAA National Climatic Data Center, USA"
2,Observed Climate Variability and Change,Contributing Author,P. Englehart,"N/A, USA"
2,Observed Climate Variability and Change,Contributing Author,R.E. Eskridge,"National Oceanographic and Atmospheric Administration (NOAA), USA"
2,Observed Climate Variability and Change,Contributing Author,David Etheridge,"Commonwealth Scientific and Industrial Research Organization (CSIRO), Australia"
2,Observed Climate Variability and Change,Contributing Author,D. Fisher,"Geological Survey of Canada, Canada"
2,Observed Climate Variability and Change,Contributing Author,D. Gaffen,"National Oceanographic and Atmospheric Administration (NOAA), USA"
2,Observed Climate Variability and Change,Contributing Author,K. Gallo,"National Oceanographic and Atmospheric Administration (NOAA), USA"
2,Observed Climate Variability and Change,Contributing Author,E. Genikhovich,"Voeikov Main Geophysical Observatory, Russian Federation"
2,Observed Climate Variability and Change,Contributing Author,D. Gong,"Peking University, China"
2,Observed Climate Variability and Change,Contributing Author,G. Gutman,"National Oceanographic and Atmospheric Administration (NOAA), USA"
2,Observed Climate Variability and Change,Contributing Author,Wilfreid Haeberli,"University of Zurich, Switzerland"
2,Observed Climate Variability and Change,Contributing Author,Joanna Haigh,"Imperial College London, United Kingdom"
2,Observed Climate Variability and Change,Contributing Author,James E. Hansen,"National Aeronautics and Space Administration (NASA), USA"
2,Observed Climate Variability and Change,Contributing Author,D. Hardy,"University of Massachusetts, USA"
2,Observed Climate Variability and Change,Contributing Author,S. Harrison,"Max-Planck Institute for Biogeochemistry, Germany"
2,Observed Climate Variability and Change,Contributing Author,R. Heino,"Finnish Meteorological Institute, Finland"
2,Observed Climate Variability and Change,Contributing Author,Kevin Hennessy,"Commonwealth Scientific and Industrial Research Organization (CSIRO), Australia"
2,Observed Climate Variability and Change,Contributing Author,W. Hogg,"Environment Canada, Canada"
2,Observed Climate Variability and Change,Contributing Author,S. Huang,"University of Michigan, USA"
2,Observed Climate Variability and Change,Contributing Author,K. Hughen,"Woods Hole Oceanographic Institution, USA"
2,Observed Climate Variability and Change,Contributing Author,M.K. Hughes,"University of Arizona, USA"
2,Observed Climate Variability and Change,Contributing Author,Mike Hulme,"University of East Anglia, United Kingdom"
2,Observed Climate Variability and Change,Contributing Author,H. Iskenderian,"Atmospheric & Environmental Research Inc., USA"
2,Observed Climate Variability and Change,Contributing Author,O.M. Johannessen,"Nansen Environmental and Remote Sensing Center, Norway"
2,Observed Climate Variability and Change,Contributing Author,D. Kaiser,"Oak Ridge National Laboratory, USA"
2,Observed Climate Variability and Change,Contributing Author,David J. Karoly,"Monash University, Australia"
2,Observed Climate Variability and Change,Contributing Author,D. Kley,"Institut fuer Chemie und Dynamik der Geosphaere, Germany"
2,Observed Climate Variability and Change,Contributing Author,R. Knight,"National Oceanographic and Atmospheric Administration (NOAA), USA"
2,Observed Climate Variability and Change,Contributing Author,K.R. Kumar,"Indian Institute of Tropical Meteorology, India"
2,Observed Climate Variability and Change,Contributing Author,Kenneth Kunkel,"Illinois State Water Survey, USA"
2,Observed Climate Variability and Change,Contributing Author,M. Lal,"Indian Institute of Technology, India"
2,Observed Climate Variability and Change,Contributing Author,Chris Landsea,"National Oceanographic and Atmospheric Administration (NOAA), USA"
2,Observed Climate Variability and Change,Contributing Author,Jay Lawrimore,"National Oceanographic and Atmospheric Administration (NOAA), USA"
2,Observed Climate Variability and Change,Contributing Author,Judith Lean,"Naval Research Laboratory, USA"
2,Observed Climate Variability and Change,Contributing Author,C. Leovy,"University of Washington, USA"
2,Observed Climate Variability and Change,Contributing Author,H. Lins,"U.S. Geological Survey, USA"
2,Observed Climate Variability and Change,Contributing Author,R. Livezey,"National Oceanographic and Atmospheric Administration (NOAA), USA"
2,Observed Climate Variability and Change,Contributing Author,K.M. Lugina,"St Petersburg University, Russian Federation"
2,Observed Climate Variability and Change,Contributing Author,I. Macadam,"Met Office, United Kingdom"
2,Observed Climate Variability and Change,Contributing Author,J.A. Majorowicz,"Northern Geothermal, Canada"
2,Observed Climate Variability and Change,Contributing Author,B. Manighetti,"National Institute of Water and Atmospheric Research, New Zealand"
2,Observed Climate Variability and Change,Contributing Author,Jose Marengo,"National Institute for Space Research (INPE), Brazil"
2,Observed Climate Variability and Change,Contributing Author,E. Mekis,"Environment Canada, Canada"
2,Observed Climate Variability and Change,Contributing Author,M.W. Miles,"Nansen Environmental and Remote Sensing Center, Norway"
2,Observed Climate Variability and Change,Contributing Author,A. Moberg,"Stockholm University, Sweden"
2,Observed Climate Variability and Change,Contributing Author,Igor Mokhov,"Institute of Atmospheric Physics, Russian Federation"
2,Observed Climate Variability and Change,Contributing Author,V. Morgan,"University of Tasmania, Australia"
2,Observed Climate Variability and Change,Contributing Author,L. Mysak,"McGill University, Canada"
2,Observed Climate Variability and Change,Contributing Author,Mark New,"University of Oxford, United Kingdom"
2,Observed Climate Variability and Change,Contributing Author,Joel Norris,"National Oceanographic and Atmospheric Administration (NOAA), USA"
2,Observed Climate Variability and Change,Contributing Author,Laban J. Ogallo,"University of Nairobi, Kenya"
2,Observed Climate Variability and Change,Contributing Author,Jonathan Overpeck,"National Oceanographic and Atmospheric Administration (NOAA), USA"
2,Observed Climate Variability and Change,Contributing Author,T. Owen,"National Oceanographic and Atmospheric Administration (NOAA), USA"
2,Observed Climate Variability and Change,Contributing Author,Didier Paillard,"Institut Pierre Simon Laplace (IPSL), France"
2,Observed Climate Variability and Change,Contributing Author,Timothy N. Palmer,"European Centre for Medium-Range Weather Forecasts (ECMWF), United Kingdom"
2,Observed Climate Variability and Change,Contributing Author,C.L. Parkinson,"National Aeronautics and Space Administration (NASA), USA"
2,Observed Climate Variability and Change,Contributing Author,Christian Pfister,"University of Bern, Switzerland"
2,Observed Climate Variability and Change,Contributing Author,N. Plummer,"Bureau of Meteorology, Australia"
2,Observed Climate Variability and Change,Contributing Author,Henry Pollack,"University of Michigan, USA"
2,Observed Climate Variability and Change,Contributing Author,I. Colin Prentice,"Max-Planck Institute for Biogeochemistry, Germany"
2,Observed Climate Variability and Change,Contributing Author,R. Quayle,"National Oceanographic and Atmospheric Administration (NOAA), USA"
2,Observed Climate Variability and Change,Contributing Author,E.Ya. Rankova,"Institute of Global Climate and Ecology, Russian Federation"
2,Observed Climate Variability and Change,Contributing Author,N. Rayner,"Hadley Centre for Climate Prediction and Research, Met Office, UK"
2,Observed Climate Variability and Change,Contributing Author,V.N. Razuvaev,"Chief Climatology Department, Russian Federation"
2,Observed Climate Variability and Change,Contributing Author,Guoyu Ren,"China Meteorological Administration, China"
2,Observed Climate Variability and Change,Contributing Author,James A. Renwick,"National Institute of Water and Atmospheric Research, New Zealand"
2,Observed Climate Variability and Change,Contributing Author,R.W. Reynolds,"National Oceanographic and Atmospheric Administration (NOAA), USA"
2,Observed Climate Variability and Change,Contributing Author,David Rind,"National Aeronautics and Space Administration (NASA), USA"
2,Observed Climate Variability and Change,Contributing Author,Alan Robock,"Rutgers University, USA"
2,Observed Climate Variability and Change,Contributing Author,R. Rosen,"Atmospheric & Environmental Research Inc., USA"
2,Observed Climate Variability and Change,Contributing Author,S. Rösner,"Department Climate and Environment, Deutscher Wetterdienst, Germany"
2,Observed Climate Variability and Change,Contributing Author,R. Ross,"National Oceanographic and Atmospheric Administration (NOAA), USA"
2,Observed Climate Variability and Change,Contributing Author,David Rothrock,"University of Washington, USA"
2,Observed Climate Variability and Change,Contributing Author,J.M. Russell,"Hampton University, USA"
2,Observed Climate Variability and Change,Contributing Author,Mark C. Serreze,"University of Colorado, USA"
2,Observed Climate Variability and Change,Contributing Author,W.R. Skinner,"Environment Canada, Canada"
2,Observed Climate Variability and Change,Contributing Author,J. Slack,"U.S. Geological Survey, USA"
2,Observed Climate Variability and Change,Contributing Author,D.M. Smith,"Hadley Centre for Climate Prediction and Research, Met Office, UK"
2,Observed Climate Variability and Change,Contributing Author,D. Stahle,"University of Arkansas, USA"
2,Observed Climate Variability and Change,Contributing Author,M. Stendel,"Danish Meteorological Institute, Denmark"
2,Observed Climate Variability and Change,Contributing Author,A. Sterin,"RIHMI-WDCB, Russian Federation"
2,Observed Climate Variability and Change,Contributing Author,Thomas F. Stocker,"University of Bern, Switzerland"
2,Observed Climate Variability and Change,Contributing Author,B. Sun,"University of Massachusetts, USA"
2,Observed Climate Variability and Change,Contributing Author,V. Swail,"Environment Canada, Canada"
2,Observed Climate Variability and Change,Contributing Author,V. Thapliyal,"India Meteorological Department, India"
2,Observed Climate Variability and Change,Contributing Author,Lonnie Thompson,"Ohio State University, USA"
2,Observed Climate Variability and Change,Contributing Author,W.J. Thompson,"University of Washington, USA"
2,Observed Climate Variability and Change,Contributing Author,Axel Timmermann,"Royal Netherlands Meteorological Institute (KNMI), The Netherlands"
2,Observed Climate Variability and Change,Contributing Author,R. Toumi,"Imperial College London, United Kingdom"
2,Observed Climate Variability and Change,Contributing Author,Kevin E. Trenberth,"National Center for Atmospheric Research (NCAR), USA"
2,Observed Climate Variability and Change,Contributing Author,H. Tuomenvirta,"Finnish Meteorological Institute, Finland"
2,Observed Climate Variability and Change,Contributing Author,T. van Ommen,"University of Tasmania, Australia"
2,Observed Climate Variability and Change,Contributing Author,David Vaughan,"British Antarctic Survey, United Kingdom"
2,Observed Climate Variability and Change,Contributing Author,K.Ya. Vinnikov,"University of Maryland, USA"
2,Observed Climate Variability and Change,Contributing Author,U. von Grafenstein,"Institut Pierre Simon Laplace (IPSL), France"
2,Observed Climate Variability and Change,Contributing Author,Hans von Storch,"GKSS Research Centre, Germany"
2,Observed Climate Variability and Change,Contributing Author,M. Vuille,"University of Massachusetts, USA"
2,Observed Climate Variability and Change,Contributing Author,Peter Wadhams,"Scott Polar Research Institute, United Kingdom"
2,Observed Climate Variability and Change,Contributing Author,J.M. Wallace,"University of Washington, USA"
2,Observed Climate Variability and Change,Contributing Author,Stephen Warren,"University of Washington, USA"
2,Observed Climate Variability and Change,Contributing Author,W. White,"Scripps Institution of Oceanography, USA"
2,Observed Climate Variability and Change,Contributing Author,P. Xie,"National Oceanographic and Atmospheric Administration (NOAA), USA"
2,Observed Climate Variability and Change,Contributing Author,Panmao Zhai,"China Meteorological Administration, China"
,,,,
2,Observed Climate Variability and Change,Review Editor,R. Hallgren,"American Meteorological Society, USA"
2,Observed Climate Variability and Change,Review Editor,B.S. Nyenzi,"Zimbabwe Drought Monitoring Centre, Zimbabwe"
,,,,
3,The Carbon Cycle and Atmospheric Carbon Dioxide,Coordinating Lead Author,I. Colin Prentice,"Max-Planck Institute for Biogeochemistry, Germany"
,,,,
3,The Carbon Cycle and Atmospheric Carbon Dioxide,Lead Author,G.D. Farquhar,"Australian National University, Australia"
3,The Carbon Cycle and Atmospheric Carbon Dioxide,Lead Author,M.J.R. Fasham,"Southampton Oceanography Centre, United Kingdom"
3,The Carbon Cycle and Atmospheric Carbon Dioxide,Lead Author,M.L. Goulden,"University of California, USA"
3,The Carbon Cycle and Atmospheric Carbon Dioxide,Lead Author,M. Heimann,"Max-Planck Institute for Biogeochemistry, Germany"
3,The Carbon Cycle and Atmospheric Carbon Dioxide,Lead Author,V.J. Jaramillo,"Universidad Nacional Autonoma de Mexico (UNAM), Mexico"
3,The Carbon Cycle and Atmospheric Carbon Dioxide,Lead Author,Haroon Kheshgi,"Exxon Mobil Corporation, USA"
3,The Carbon Cycle and Atmospheric Carbon Dioxide,Lead Author,C. Le Quiero,"Max-Planck Institute for Biogeochemistry, Germany"
3,The Carbon Cycle and Atmospheric Carbon Dioxide,Lead Author,Robert (Bob) J. Scholes,"Council for Scientific and Industrial Research (CSIR), South Africa"
3,The Carbon Cycle and Atmospheric Carbon Dioxide,Lead Author,D.W.R. Wallace,"Universitat Kiel, Germany"
,,,,
3,The Carbon Cycle and Atmospheric Carbon Dioxide,Contributing Author,David Archer,"University of Chicago, USA"
3,The Carbon Cycle and Atmospheric Carbon Dioxide,Contributing Author,M.R. Ashmore,"University of Bradford, United Kingdom"
3,The Carbon Cycle and Atmospheric Carbon Dioxide,Contributing Author,O. Aumont,"Institut Pierre Simon Laplace (IPSL), France"
3,The Carbon Cycle and Atmospheric Carbon Dioxide,Contributing Author,David Baker,"Princeton University, USA"
3,The Carbon Cycle and Atmospheric Carbon Dioxide,Contributing Author,M. Battle,"Bowdoin College, USA"
3,The Carbon Cycle and Atmospheric Carbon Dioxide,Contributing Author,M. Bender,"Princeton University, USA"
3,The Carbon Cycle and Atmospheric Carbon Dioxide,Contributing Author,Laurent Bopp,"Institut Pierre Simon Laplace (IPSL), France"
3,The Carbon Cycle and Atmospheric Carbon Dioxide,Contributing Author,Philippe Bousquet,"Institut Pierre Simon Laplace (IPSL), France"
3,The Carbon Cycle and Atmospheric Carbon Dioxide,Contributing Author,K. Caldeira,"Lawrence Livermore National Laboratory, USA"
3,The Carbon Cycle and Atmospheric Carbon Dioxide,Contributing Author,Philippe Ciais,"CEA, France"
3,The Carbon Cycle and Atmospheric Carbon Dioxide,Contributing Author,Peter M. Cox,"Met Office, United Kingdom"
3,The Carbon Cycle and Atmospheric Carbon Dioxide,Contributing Author,Wolfgang P. Cramer,"Potsdam Institute for Climate Impact Research, Germany"
3,The Carbon Cycle and Atmospheric Carbon Dioxide,Contributing Author,Frank Dentener,"European Commission Joint Research Centre, Italy"
3,The Carbon Cycle and Atmospheric Carbon Dioxide,Contributing Author,Ian G. Enting,"Commonwealth Scientific and Industrial Research Organization (CSIRO), Australia"
3,The Carbon Cycle and Atmospheric Carbon Dioxide,Contributing Author,Christopher B. Field,"Carnegie Institute of Washington, USA"
3,The Carbon Cycle and Atmospheric Carbon Dioxide,Contributing Author,Pierre Friedlingstein,"Institut Pierre Simon Laplace (IPSL), France"
3,The Carbon Cycle and Atmospheric Carbon Dioxide,Contributing Author,E.A. Holland,"Max-Planck Institute for Biogeochemistry, Germany"
3,The Carbon Cycle and Atmospheric Carbon Dioxide,Contributing Author,R.A. Houghton,"Woods Hole Research Center, USA"
3,The Carbon Cycle and Atmospheric Carbon Dioxide,Contributing Author,Joanna I. House,"Max-Planck Institute for Biogeochemistry, Germany"
3,The Carbon Cycle and Atmospheric Carbon Dioxide,Contributing Author,A. Ishida,"Research Institute for Global Change, Japan"
3,The Carbon Cycle and Atmospheric Carbon Dioxide,Contributing Author,A.K. Jain,"University of Illinois at Urbana-Champaign, USA"
3,The Carbon Cycle and Atmospheric Carbon Dioxide,Contributing Author,I.A. Janssens,"Universiteit Antwerpen, Belgium"
3,The Carbon Cycle and Atmospheric Carbon Dioxide,Contributing Author,Fortunat Joos,"University of Bern, Switzerland"
3,The Carbon Cycle and Atmospheric Carbon Dioxide,Contributing Author,T. Kaminski,"Max-Planck Institute for Meteorology, Germany"
3,The Carbon Cycle and Atmospheric Carbon Dioxide,Contributing Author,C. David Keeling,"University of California San Diego, USA"
3,The Carbon Cycle and Atmospheric Carbon Dioxide,Contributing Author,Ralph Keeling,"University of California San Diego, USA"
3,The Carbon Cycle and Atmospheric Carbon Dioxide,Contributing Author,D.W. Kicklighter,"Marine Biological Laboratory, USA"
3,The Carbon Cycle and Atmospheric Carbon Dioxide,Contributing Author,K.E. Kohfeld,"Max-Planck Institute for Biogeochemistry, Germany"
3,The Carbon Cycle and Atmospheric Carbon Dioxide,Contributing Author,W. Knorr,"Max-Planck Institute for Biogeochemistry, Germany"
3,The Carbon Cycle and Atmospheric Carbon Dioxide,Contributing Author,R. Law,"Monash University, Australia"
3,The Carbon Cycle and Atmospheric Carbon Dioxide,Contributing Author,T. Lenton,"Institute of Terrestrial Ecology, United Kingdom"
3,The Carbon Cycle and Atmospheric Carbon Dioxide,Contributing Author,K. Lindsay,"National Center for Atmospheric Research (NCAR), USA"
3,The Carbon Cycle and Atmospheric Carbon Dioxide,Contributing Author,E. Maier-Reimer,"Max-Planck Institute for Meteorology, Germany"
3,The Carbon Cycle and Atmospheric Carbon Dioxide,Contributing Author,A.C. Manning,"University of California at San Diego, USA"
3,The Carbon Cycle and Atmospheric Carbon Dioxide,Contributing Author,R.J. Matear,"Commonwealth Scientific and Industrial Research Organization (CSIRO), Australia"
3,The Carbon Cycle and Atmospheric Carbon Dioxide,Contributing Author,A.D. McGuire,"University of Alaska, USA"
3,The Carbon Cycle and Atmospheric Carbon Dioxide,Contributing Author,J.M. Melillo,"Woods Hole Oceanographic Institution, USA"
3,The Carbon Cycle and Atmospheric Carbon Dioxide,Contributing Author,R. Meyer,"University of Bern, Switzerland"
3,The Carbon Cycle and Atmospheric Carbon Dioxide,Contributing Author,M. Mund,"Max-Planck Institute for Biogeochemistry, Germany"
3,The Carbon Cycle and Atmospheric Carbon Dioxide,Contributing Author,James Orr,"Institut Pierre Simon Laplace (IPSL), France"
3,The Carbon Cycle and Atmospheric Carbon Dioxide,Contributing Author,Stephen Piper,"University of California San Diego, USA"
3,The Carbon Cycle and Atmospheric Carbon Dioxide,Contributing Author,Gian-Kasper Plattner,"University of Bern, Switzerland"
3,The Carbon Cycle and Atmospheric Carbon Dioxide,Contributing Author,P.J. Rayner,"CSIRO Division of Atmospheric Research, Australia"
3,The Carbon Cycle and Atmospheric Carbon Dioxide,Contributing Author,S. Sitch,"Institut fur Klimafolgenforschung, Germany"
3,The Carbon Cycle and Atmospheric Carbon Dioxide,Contributing Author,R. Slater,"Princeton University, USA"
3,The Carbon Cycle and Atmospheric Carbon Dioxide,Contributing Author,S. Taguchi,"National Institute for Resources and Environment, Japan"
3,The Carbon Cycle and Atmospheric Carbon Dioxide,Contributing Author,Pieter Tans,"National Oceanographic and Atmospheric Administration (NOAA), USA"
3,The Carbon Cycle and Atmospheric Carbon Dioxide,Contributing Author,H.Q. Tian,"Marine Biological Laboratory, USA"
3,The Carbon Cycle and Atmospheric Carbon Dioxide,Contributing Author,M.F. Weirig,"Alfred Wegener Institute for Polar and Marine Research, Germany"
3,The Carbon Cycle and Atmospheric Carbon Dioxide,Contributing Author,Tim Whorf,"University of California San Diego, USA"
3,The Carbon Cycle and Atmospheric Carbon Dioxide,Contributing Author,A. Yool,"Southampton Oceanography Centre, United Kingdom"
,,,,
3,The Carbon Cycle and Atmospheric Carbon Dioxide,Review Editor,L.F. Pitelka,"University of Maryland, USA"
3,The Carbon Cycle and Atmospheric Carbon Dioxide,Review Editor,A. Ramirez-Rojas,"Universidad Central Venezuela, Venezuela"
,,,,
4,Atmospheric Chemistry and Greenhouse Gases,Coordinating Lead Author,D.H. Ehhalt,"Institut fur Chemie der KFA Julich GmbH, Germany"
4,Atmospheric Chemistry and Greenhouse Gases,Coordinating Lead Author,Michael Prather,"University of California Irvine, USA"
,,,,
4,Atmospheric Chemistry and Greenhouse Gases,Lead Author,Frank Dentener,"European Commission Joint Research Centre, Italy"
4,Atmospheric Chemistry and Greenhouse Gases,Lead Author,R.G. Derwent,"Met Office, United Kingdom"
4,Atmospheric Chemistry and Greenhouse Gases,Lead Author,E. Dlugokencky,"National Oceanographic and Atmospheric Administration (NOAA), USA"
4,Atmospheric Chemistry and Greenhouse Gases,Lead Author,E.A. Holland,"Max-Planck Institute for Biogeochemistry, Germany"
4,Atmospheric Chemistry and Greenhouse Gases,Lead Author,I.S.A Isaksen,"University of Oslo, Norway"
4,Atmospheric Chemistry and Greenhouse Gases,Lead Author,J. Katima,"University of Dar-es-Salaam, Tanzania"
4,Atmospheric Chemistry and Greenhouse Gases,Lead Author,V. Kirchhoff,"National Institute for Space Research (INPE), Brazil"
4,Atmospheric Chemistry and Greenhouse Gases,Lead Author,P. Matson,"Stanford University, USA"
4,Atmospheric Chemistry and Greenhouse Gases,Lead Author,P. Midgley,"M&D Consulting, Germany"
4,Atmospheric Chemistry and Greenhouse Gases,Lead Author,M. Wang,"Institute of Atmospheric Physics, China"
,,,,
4,Atmospheric Chemistry and Greenhouse Gases,Contributing Author,Terje Berntsen,"Center for International Climate and Environment (CICERO), Norway"
4,Atmospheric Chemistry and Greenhouse Gases,Contributing Author,I. Bey,"Harvard University, USA"
4,Atmospheric Chemistry and Greenhouse Gases,Contributing Author,Guy Brasseur,"Max-Planck Institute for Meteorology, Germany"
4,Atmospheric Chemistry and Greenhouse Gases,Contributing Author,Lawrence Buja,"National Center for Atmospheric Research (NCAR), USA"
4,Atmospheric Chemistry and Greenhouse Gases,Contributing Author,W.J. Collins,"Hadley Centre for Climate Prediction and Research, Met Office, UK"
4,Atmospheric Chemistry and Greenhouse Gases,Contributing Author,J.S. Daniel,"National Oceanographic and Atmospheric Administration (NOAA), USA"
4,Atmospheric Chemistry and Greenhouse Gases,Contributing Author,W.B. DeMore,"National Aeronautics and Space Administration (NASA), USA"
4,Atmospheric Chemistry and Greenhouse Gases,Contributing Author,N. Derek,"Commonwealth Scientific and Industrial Research Organization (CSIRO), Australia"
4,Atmospheric Chemistry and Greenhouse Gases,Contributing Author,R. Dickerson,"University of Maryland, USA"
4,Atmospheric Chemistry and Greenhouse Gases,Contributing Author,David Etheridge,"Commonwealth Scientific and Industrial Research Organization (CSIRO), Australia"
4,Atmospheric Chemistry and Greenhouse Gases,Contributing Author,Johann Feichter,"Max-Planck Institute for Meteorology, Germany"
4,Atmospheric Chemistry and Greenhouse Gases,Contributing Author,W. Fraser,"N/A, N/A"
4,Atmospheric Chemistry and Greenhouse Gases,Contributing Author,R. Friedl,"National Aeronautics and Space Administration (NASA), USA"
4,Atmospheric Chemistry and Greenhouse Gases,Contributing Author,Jan Fuglestvedt,"Center for International Climate and Environment (CICERO), Norway"
4,Atmospheric Chemistry and Greenhouse Gases,Contributing Author,M. Gauss,"University of Oslo, Norway"
4,Atmospheric Chemistry and Greenhouse Gases,Contributing Author,L. Grenfell,"National Aeronautics and Space Administration (NASA), USA"
4,Atmospheric Chemistry and Greenhouse Gases,Contributing Author,Amulf Grubler,"International Institute for Applied Systems Analysis (IIASA), Austria"
4,Atmospheric Chemistry and Greenhouse Gases,Contributing Author,N. Harris,"European Ozone Research Coordinating Unit, United Kingdom"
4,Atmospheric Chemistry and Greenhouse Gases,Contributing Author,Didier Hauglustaine,"Centre National de la Recherche Scientifique (CNRS), France"
4,Atmospheric Chemistry and Greenhouse Gases,Contributing Author,L. Horowitz,"National Center for Atmospheric Research (NCAR), USA"
4,Atmospheric Chemistry and Greenhouse Gases,Contributing Author,C. Jackman,"National Aeronautics and Space Administration (NASA), USA"
4,Atmospheric Chemistry and Greenhouse Gases,Contributing Author,Daniel Jacob,"Harvard University, USA"
4,Atmospheric Chemistry and Greenhouse Gases,Contributing Author,L. Jaeglo,"Harvard University, USA"
4,Atmospheric Chemistry and Greenhouse Gases,Contributing Author,A.K. Jain,"University of Illinois at Urbana-Champaign, USA"
4,Atmospheric Chemistry and Greenhouse Gases,Contributing Author,M. Kanakidou,"Environmental Chemical Processes Laboratory, Greece"
4,Atmospheric Chemistry and Greenhouse Gases,Contributing Author,S. Karlsdottir,"University of Oslo, Norway"
4,Atmospheric Chemistry and Greenhouse Gases,Contributing Author,M. Ko,"Atmospheric & Environmental Research Inc., USA"
4,Atmospheric Chemistry and Greenhouse Gases,Contributing Author,M. Kurylo,"National Aeronautics and Space Administration (NASA), USA"
4,Atmospheric Chemistry and Greenhouse Gases,Contributing Author,M. Lawrence,"Max-Planck Institute for Chemistry, Germany"
4,Atmospheric Chemistry and Greenhouse Gases,Contributing Author,J.A. Logan,"Harvard University, USA"
4,Atmospheric Chemistry and Greenhouse Gases,Contributing Author,M. Manning,"National Institute of Water & Atmospheric Research, New Zealand"
4,Atmospheric Chemistry and Greenhouse Gases,Contributing Author,D.L. Mauzerall,"Princeton University, USA"
4,Atmospheric Chemistry and Greenhouse Gases,Contributing Author,J. McConnell,"York University Canada, Canada"
4,Atmospheric Chemistry and Greenhouse Gases,Contributing Author,L. Mickley,"Harvard University, USA"
4,Atmospheric Chemistry and Greenhouse Gases,Contributing Author,Steve Montzka,"National Oceanographic and Atmospheric Administration (NOAA), USA"
4,Atmospheric Chemistry and Greenhouse Gases,Contributing Author,J.F. Muller,"Belgian Institute for Space Aeronomy, Belgium"
4,Atmospheric Chemistry and Greenhouse Gases,Contributing Author,Jos G.J. Olivier,"National Institute for Public Health and the Environment (RIVM), The Netherlands"
4,Atmospheric Chemistry and Greenhouse Gases,Contributing Author,K. Pickering,"University of Maryland, USA"
4,Atmospheric Chemistry and Greenhouse Gases,Contributing Author,G. Pitari,"Universite Degli Studi dellâ Aquila, Italy"
4,Atmospheric Chemistry and Greenhouse Gases,Contributing Author,G.J. Roelofs,"University of Utrecht, The Netherlands"
4,Atmospheric Chemistry and Greenhouse Gases,Contributing Author,H. Rogers,"University of Cambridge, United Kingdom"
4,Atmospheric Chemistry and Greenhouse Gases,Contributing Author,B. Rognerud,"University of Oslo, Norway"
4,Atmospheric Chemistry and Greenhouse Gases,Contributing Author,S. Smith,"Pacific Northwest National Laboratory, USA"
4,Atmospheric Chemistry and Greenhouse Gases,Contributing Author,Susan Solomon,"National Oceanographic and Atmospheric Administration (NOAA), USA"
4,Atmospheric Chemistry and Greenhouse Gases,Contributing Author,J. Staehelin,"Swiss Federal Institute of Technology, Switzerland"
4,Atmospheric Chemistry and Greenhouse Gases,Contributing Author,P. Steele,"Commonwealth Scientific and Industrial Research Organization (CSIRO), Australia"
4,Atmospheric Chemistry and Greenhouse Gases,Contributing Author,David S. Stevenson,"University of Edinburgh, United Kingdom"
4,Atmospheric Chemistry and Greenhouse Gases,Contributing Author,J. Sundet,"University of Oslo, Norway"
4,Atmospheric Chemistry and Greenhouse Gases,Contributing Author,A. Thompson,"NASA Goddard Space Flight Center, USA"
4,Atmospheric Chemistry and Greenhouse Gases,Contributing Author,M. Van Weele,"Royal Netherlands Meteorological Institute (KNMI), The Netherlands"
4,Atmospheric Chemistry and Greenhouse Gases,Contributing Author,R. von Kuhlmann,"Max-Planck Institute for Chemistry, Germany"
4,Atmospheric Chemistry and Greenhouse Gases,Contributing Author,Y. Wang,"Georgia Institute of Technology, USA"
4,Atmospheric Chemistry and Greenhouse Gases,Contributing Author,D. Weisenstein,"Atmospheric & Environmental Research Inc., USA"
4,Atmospheric Chemistry and Greenhouse Gases,Contributing Author,Tom M.L. Wigley,"National Center for Atmospheric Research (NCAR), USA"
4,Atmospheric Chemistry and Greenhouse Gases,Contributing Author,O. Wild,"Frontier Research System for Global Change, Japan"
4,Atmospheric Chemistry and Greenhouse Gases,Contributing Author,Donald J. Wuebbles,"University of Illinois at Urbana-Champaign, USA"
4,Atmospheric Chemistry and Greenhouse Gases,Contributing Author,R. Yantosca,"Harvard University, USA"
,,,,
4,Atmospheric Chemistry and Greenhouse Gases,Review Editor,Fortunat Joos,"University of Bern, Switzerland"
4,Atmospheric Chemistry and Greenhouse Gases,Review Editor,Mack McFarland,"DuPont Fluoroproducts, USA"
,,,,
5,"AER, their Direct and Indirect Effects",Coordinating Lead Author,Joyce E. Penner,"University of Michigan, USA"
,,,,
5,"AER, their Direct and Indirect Effects",Lead Author,M. Andreae,"Max-Planck Institute for Chemistry, Germany"
5,"AER, their Direct and Indirect Effects",Lead Author,H. Annegarn,"University of the Witwatersrand, South Africa"
5,"AER, their Direct and Indirect Effects",Lead Author,L. Barrie,"Environment Canada, Canada"
5,"AER, their Direct and Indirect Effects",Lead Author,Johann Feichter,"Max-Planck Institute for Meteorology, Germany"
5,"AER, their Direct and Indirect Effects",Lead Author,D. Hegg,"University of Washington, USA"
5,"AER, their Direct and Indirect Effects",Lead Author,A. Jayaraman,"Physical Research Laboratory, India"
5,"AER, their Direct and Indirect Effects",Lead Author,R. Leaitch,"Environment Canada, Canada"
5,"AER, their Direct and Indirect Effects",Lead Author,D. Murphy,"National Oceanographic and Atmospheric Administration (NOAA), USA"
5,"AER, their Direct and Indirect Effects",Lead Author,John Nganga,"University of Nairobi, Kenya"
5,"AER, their Direct and Indirect Effects",Lead Author,G. Pitari,"Universite Degli Studi dellâ Aquila, Italy"
,,,,
5,"AER, their Direct and Indirect Effects",Contributing Author,A. Ackerman,"NASA Ames Research Center, USA"
5,"AER, their Direct and Indirect Effects",Contributing Author,P. Adams,"California Institute of Technology, USA"
5,"AER, their Direct and Indirect Effects",Contributing Author,P. Austin,"University of British Columbia, Canada"
5,"AER, their Direct and Indirect Effects",Contributing Author,R. Boers,"Commonwealth Scientific and Industrial Research Organization (CSIRO), Australia"
5,"AER, their Direct and Indirect Effects",Contributing Author,Olivier Boucher,"Laboratoire d'Optique Atmospherique, France"
5,"AER, their Direct and Indirect Effects",Contributing Author,M. Chin,"National Aeronautics and Space Administration (NASA), USA"
5,"AER, their Direct and Indirect Effects",Contributing Author,C. Chuang,"Lawrence Livermore National Laboratory, USA"
5,"AER, their Direct and Indirect Effects",Contributing Author,W. Collins,"Met Office, United Kingdom"
5,"AER, their Direct and Indirect Effects",Contributing Author,W. Cooke,"National Oceanographic and Atmospheric Administration (NOAA), USA"
5,"AER, their Direct and Indirect Effects",Contributing Author,P. DeMott,"Colorado State University, USA"
5,"AER, their Direct and Indirect Effects",Contributing Author,Y. Feng,"University of Michigan, USA"
5,"AER, their Direct and Indirect Effects",Contributing Author,H. Fischer,"Scripps Institute of Oceanography, USA"
5,"AER, their Direct and Indirect Effects",Contributing Author,Inez Fung,"University of California Berkeley, USA"
5,"AER, their Direct and Indirect Effects",Contributing Author,S.J. Ghan,"Pacific Northwest National Laboratory, USA"
5,"AER, their Direct and Indirect Effects",Contributing Author,P. Ginoux,"National Aeronautics and Space Administration (NASA), USA"
5,"AER, their Direct and Indirect Effects",Contributing Author,Sunling Gong,"Environment Canada, Canada"
5,"AER, their Direct and Indirect Effects",Contributing Author,Alex Guenther,"National Center for Atmospheric Research (NCAR), USA"
5,"AER, their Direct and Indirect Effects",Contributing Author,M. Herzog,"University of Michigan, USA"
5,"AER, their Direct and Indirect Effects",Contributing Author,A. Higurashi,"National Institute for Environmental Studies, Japan"
5,"AER, their Direct and Indirect Effects",Contributing Author,Y. Kaufman,"National Aeronautics and Space Administration (NASA), USA"
5,"AER, their Direct and Indirect Effects",Contributing Author,A. Kettle,"Max-Planck Institute for Chemistry, Germany"
5,"AER, their Direct and Indirect Effects",Contributing Author,J.T. Kiehl,"National Center for Atmospheric Research (NCAR), USA"
5,"AER, their Direct and Indirect Effects",Contributing Author,Dorothy Koch,"National Center for Atmospheric Research (NCAR), USA"
5,"AER, their Direct and Indirect Effects",Contributing Author,G. Lammel,"Max-Planck Institute for Meteorology, Germany"
5,"AER, their Direct and Indirect Effects",Contributing Author,C. Land,"Max-Planck Institute for Meteorology, Germany"
5,"AER, their Direct and Indirect Effects",Contributing Author,Ulrike Lohmann,"Dalhousie University, Canada"
5,"AER, their Direct and Indirect Effects",Contributing Author,S. Madronich,"National Center for Atmospheric Research (NCAR), USA"
5,"AER, their Direct and Indirect Effects",Contributing Author,E. Mancini,"Universite Degli Studi dellâ Aquila, Italy"
5,"AER, their Direct and Indirect Effects",Contributing Author,M. Mishchenko,"National Aeronautics and Space Administration (NASA), USA"
5,"AER, their Direct and Indirect Effects",Contributing Author,Teruyuki Nakajima,"University of Tokyo, Japan"
5,"AER, their Direct and Indirect Effects",Contributing Author,P. Quinn,"National Oceanographic and Atmospheric Administration (NOAA), USA"
5,"AER, their Direct and Indirect Effects",Contributing Author,Philip Rasch,"National Center for Atmospheric Research (NCAR), USA"
5,"AER, their Direct and Indirect Effects",Contributing Author,D.L. Roberts,"Met Office, United Kingdom"
5,"AER, their Direct and Indirect Effects",Contributing Author,D. Savoie,"University of Miami, USA"
5,"AER, their Direct and Indirect Effects",Contributing Author,Stephen E. Schwartz,"Brookhaven National Laboratory, USA"
5,"AER, their Direct and Indirect Effects",Contributing Author,J. Seinfeld,"California Institute of Technology, USA"
5,"AER, their Direct and Indirect Effects",Contributing Author,Brian Soden,"Princeton University, USA"
5,"AER, their Direct and Indirect Effects",Contributing Author,D. Tanro,"Laboratoire d'Optique Atmospherique, France"
5,"AER, their Direct and Indirect Effects",Contributing Author,T. Taylor,"University of Bath, United Kingdom"
5,"AER, their Direct and Indirect Effects",Contributing Author,I. Tegen,"Max-Planck Institute for Biogeochemistry, Germany"
5,"AER, their Direct and Indirect Effects",Contributing Author,X. Tie,"National Center for Atmospheric Research (NCAR), USA"
5,"AER, their Direct and Indirect Effects",Contributing Author,G. Vali,"University of Wyoming, USA"
5,"AER, their Direct and Indirect Effects",Contributing Author,R. Van Dingenen,"Enviroment Institute of European Commission, Italy"
5,"AER, their Direct and Indirect Effects",Contributing Author,M. Van Weele,"Royal Netherlands Meteorological Institute (KNMI), The Netherlands"
5,"AER, their Direct and Indirect Effects",Contributing Author,Y. Zhang,"University of Michigan, USA"
,,,,
5,"AER, their Direct and Indirect Effects",Review Editor,B.S. Nyenzi,"Zimbabwe Drought Monitoring Centre, Zimbabwe"
5,"AER, their Direct and Indirect Effects",Review Editor,J. Prospero,"University of Miami, USA"
,,,,
6,Radiative Forcing of Climate Change,Coordinating Lead Author,Venkatachalam Ramaswamy,"National Oceanographic and Atmospheric Administration (NOAA), USA"
,,,,
6,Radiative Forcing of Climate Change,Lead Author,Olivier Boucher,"Laboratoire d'Optique Atmospherique, France"
6,Radiative Forcing of Climate Change,Lead Author,Joanna Haigh,"Imperial College London, United Kingdom"
6,Radiative Forcing of Climate Change,Lead Author,Didier Hauglustaine,"Centre National de la Recherche Scientifique (CNRS), France"
6,Radiative Forcing of Climate Change,Lead Author,James M. Haywood,"Met Office, United Kingdom"
6,Radiative Forcing of Climate Change,Lead Author,Gunnar Myhre,"University of Oslo, Norway"
6,Radiative Forcing of Climate Change,Lead Author,Teruyuki Nakajima,"University of Tokyo, Japan"
6,Radiative Forcing of Climate Change,Lead Author,G.Y. Shi,"Chinese Academy of Sciences, China"
6,Radiative Forcing of Climate Change,Lead Author,Susan Solomon,"National Oceanographic and Atmospheric Administration (NOAA), USA"
,,,,
6,Radiative Forcing of Climate Change,Contributing Author,Richard A. Betts,"Met Office, United Kingdom"
6,Radiative Forcing of Climate Change,Contributing Author,R. Charlson,"Stockholm University, Sweden"
6,Radiative Forcing of Climate Change,Contributing Author,C. Chuang,"Lawrence Livermore National Laboratory, USA"
6,Radiative Forcing of Climate Change,Contributing Author,J.S. Daniel,"National Oceanographic and Atmospheric Administration (NOAA), USA"
6,Radiative Forcing of Climate Change,Contributing Author,A. Del Genio,"National Aeronautics and Space Administration (NASA), USA"
6,Radiative Forcing of Climate Change,Contributing Author,Johann Feichter,"Max-Planck Institute for Meteorology, Germany"
6,Radiative Forcing of Climate Change,Contributing Author,Jan Fuglestvedt,"Center for International Climate and Environment (CICERO), Norway"
6,Radiative Forcing of Climate Change,Contributing Author,Piers Forster,"Monash University, Australia"
6,Radiative Forcing of Climate Change,Contributing Author,S.J. Ghan,"Pacific Northwest National Laboratory, USA"
6,Radiative Forcing of Climate Change,Contributing Author,Richard Jones,"Met Office, United Kingdom"
6,Radiative Forcing of Climate Change,Contributing Author,J.T. Kiehl,"National Center for Atmospheric Research (NCAR), USA"
6,Radiative Forcing of Climate Change,Contributing Author,Dorothy Koch,"National Center for Atmospheric Research (NCAR), USA"
6,Radiative Forcing of Climate Change,Contributing Author,C. Land,"Max-Planck Institute for Meteorology, Germany"
6,Radiative Forcing of Climate Change,Contributing Author,Judith Lean,"Naval Research Laboratory, USA"
6,Radiative Forcing of Climate Change,Contributing Author,Ulrike Lohmann,"Dalhousie University, Canada"
6,Radiative Forcing of Climate Change,Contributing Author,K. Minschwaner,"New Mexico Institute of Mining and Technology, USA"
6,Radiative Forcing of Climate Change,Contributing Author,Joyce E. Penner,"University of Michigan, USA"
6,Radiative Forcing of Climate Change,Contributing Author,D.L. Roberts,"Met Office, United Kingdom"
6,Radiative Forcing of Climate Change,Contributing Author,H. Rodhe,"University of Stockholm, Sweden"
6,Radiative Forcing of Climate Change,Contributing Author,G.J. Roelofs,"University of Utrecht, The Netherlands"
6,Radiative Forcing of Climate Change,Contributing Author,Leon D. Rotstayn,"Commonwealth Scientific and Industrial Research Organization (CSIRO), Australia"
6,Radiative Forcing of Climate Change,Contributing Author,Stephen Schneider,"Stanford University, USA"
6,Radiative Forcing of Climate Change,Contributing Author,U. Schumann,"Institute of Atmospheric Physics Germany, Germany"
6,Radiative Forcing of Climate Change,Contributing Author,Stephen E. Schwartz,"Brookhaven National Laboratory, USA"
6,Radiative Forcing of Climate Change,Contributing Author,Dan Schwartzkopf,"National Oceanographic and Atmospheric Administration (NOAA), USA"
6,Radiative Forcing of Climate Change,Contributing Author,Keith P. Shine,"University of Reading, United Kingdom"
6,Radiative Forcing of Climate Change,Contributing Author,Joel B. Smith,"Stratus Consulting Inc., USA"
6,Radiative Forcing of Climate Change,Contributing Author,S. Smith,"Pacific Northwest National Laboratory, USA"
6,Radiative Forcing of Climate Change,Contributing Author,David S. Stevenson,"University of Edinburgh, United Kingdom"
6,Radiative Forcing of Climate Change,Contributing Author,F. Stordal,"Norwegian Institute for Air Research, Norway"
6,Radiative Forcing of Climate Change,Contributing Author,I. Tegen,"Max-Planck Institute for Biogeochemistry, Germany"
6,Radiative Forcing of Climate Change,Contributing Author,Robert Van Dorland,"Royal Netherlands Meteorological Institute (KNMI), The Netherlands"
6,Radiative Forcing of Climate Change,Contributing Author,ZhongXiang Zhang,"University of Groningen, The Netherlands"
,,,,
6,Radiative Forcing of Climate Change,Review Editor,Fortunat Joos,"University of Bern, Switzerland"
6,Radiative Forcing of Climate Change,Review Editor,Jayaraman Srinivasan,"Indian Institute of Science, India"
,,,,
7,Physical Climate Processes and Feedbacks,Coordinating Lead Author,Thomas F. Stocker,"University of Bern, Switzerland"
,,,,
7,Physical Climate Processes and Feedbacks,Lead Author,R.A. Clarke,"Bedford Institute of Oceanography, Canada"
7,Physical Climate Processes and Feedbacks,Lead Author,Hervé Le Treut,"Institut Pierre Simon Laplace (IPSL), France"
7,Physical Climate Processes and Feedbacks,Lead Author,R.S. Lindzen,"Massachusetts Institute of Technology, USA"
7,Physical Climate Processes and Feedbacks,Lead Author,V. Meleshko,"Voeikov Main Geophysical Observatory, Russian Federation"
7,Physical Climate Processes and Feedbacks,Lead Author,R.K. Mugara,"Zambia Meteorological Department, Zambia"
7,Physical Climate Processes and Feedbacks,Lead Author,Timothy N. Palmer,"European Centre for Medium-Range Weather Forecasts (ECMWF), United Kingdom"
7,Physical Climate Processes and Feedbacks,Lead Author,R.T. Pierrehumbert,"University of Chicago, USA"
7,Physical Climate Processes and Feedbacks,Lead Author,P.J. Sellers,"National Aeronautics and Space Administration (NASA), USA"
7,Physical Climate Processes and Feedbacks,Lead Author,Kevin E. Trenberth,"National Center for Atmospheric Research (NCAR), USA"
7,Physical Climate Processes and Feedbacks,Lead Author,Jurgen Willebrand,"Institut fur Meereskunde an der Universitat Kiel, Germany"
,,,,
7,Physical Climate Processes and Feedbacks,Contributing Author,Richard B. Alley,"Pennsylvania State University, USA"
7,Physical Climate Processes and Feedbacks,Contributing Author,Oleg A. Anisimov,"State Hydrological Institute, Russian Federation"
7,Physical Climate Processes and Feedbacks,Contributing Author,C. Appenzeller,"University of Bern, Switzerland"
7,Physical Climate Processes and Feedbacks,Contributing Author,C.W. Banning,"Universitat Kiel, Germany"
7,Physical Climate Processes and Feedbacks,Contributing Author,Roger G. Barry,"University of Colorado, USA"
7,Physical Climate Processes and Feedbacks,Contributing Author,J.J. Bates,"National Oceanographic and Atmospheric Administration (NOAA), USA"
7,Physical Climate Processes and Feedbacks,Contributing Author,R. Bindschadler,"National Aeronautics and Space Administration (NASA), USA"
7,Physical Climate Processes and Feedbacks,Contributing Author,Gordon B. Bonan,"National Center for Atmospheric Research (NCAR), USA"
7,Physical Climate Processes and Feedbacks,Contributing Author,Sandrine Bony,"Institut Pierre Simon Laplace (IPSL), France"
7,Physical Climate Processes and Feedbacks,Contributing Author,H. Bryden,"Southampton Oceanography Centre, United Kingdom"
7,Physical Climate Processes and Feedbacks,Contributing Author,M.A. Cane,"Columbia University, USA"
7,Physical Climate Processes and Feedbacks,Contributing Author,J.A. Curry,"Aerospace Engineering, USA"
7,Physical Climate Processes and Feedbacks,Contributing Author,Thomas L. Delworth,"National Oceanographic and Atmospheric Administration (NOAA), USA"
7,Physical Climate Processes and Feedbacks,Contributing Author,A.S. Denning,"Colorado State University, USA"
7,Physical Climate Processes and Feedbacks,Contributing Author,Robert E. Dickinson,"University of Arizona, USA"
7,Physical Climate Processes and Feedbacks,Contributing Author,K. Echelmeyer,"University of Alaska, USA"
7,Physical Climate Processes and Feedbacks,Contributing Author,Kerry Emanuel,"Massachusetts Institute of Technology, USA"
7,Physical Climate Processes and Feedbacks,Contributing Author,Gregory Flato,"Environment Canada, Canada"
7,Physical Climate Processes and Feedbacks,Contributing Author,Inez Fung,"University of California Berkeley, USA"
7,Physical Climate Processes and Feedbacks,Contributing Author,Marvin Geller,"State University of New York Stony Brook, USA"
7,Physical Climate Processes and Feedbacks,Contributing Author,Peter Gent,"National Center for Atmospheric Research (NCAR), USA"
7,Physical Climate Processes and Feedbacks,Contributing Author,S.M. Griffies,"National Oceanographic and Atmospheric Administration (NOAA), USA"
7,Physical Climate Processes and Feedbacks,Contributing Author,Isaac Held,"National Oceanographic and Atmospheric Administration (NOAA), USA"
7,Physical Climate Processes and Feedbacks,Contributing Author,Ann Henderson-Sellers,"Macquarie University, Australia"
7,Physical Climate Processes and Feedbacks,Contributing Author,Albert A. M. Holtslag,"Royal Netherlands Meteorological Institute (KNMI), The Netherlands"
7,Physical Climate Processes and Feedbacks,Contributing Author,F. Hourdin,"Institut Pierre Simon Laplace (IPSL), France"
7,Physical Climate Processes and Feedbacks,Contributing Author,James W. Hurrell,"National Center for Atmospheric Research (NCAR), USA"
7,Physical Climate Processes and Feedbacks,Contributing Author,Vladimir M. Kattsov,"Voeikov Main Geophysical Observatory, Russian Federation"
7,Physical Climate Processes and Feedbacks,Contributing Author,P.D. Killworth,"Southampton Oceanography Centre, United Kingdom"
7,Physical Climate Processes and Feedbacks,Contributing Author,Y. Kushnir,"Columbia University, USA"
7,Physical Climate Processes and Feedbacks,Contributing Author,W.G. Large,"National Center for Atmospheric Research (NCAR), USA"
7,Physical Climate Processes and Feedbacks,Contributing Author,Mojib Latif,"Max-Planck Institute for Meteorology, Germany"
7,Physical Climate Processes and Feedbacks,Contributing Author,Peter Lemke,"Alfred Wegener Institute for Polar and Marine Research, Germany"
7,Physical Climate Processes and Feedbacks,Contributing Author,M.E. Mann,"University of Virginia, USA"
7,Physical Climate Processes and Feedbacks,Contributing Author,Gerald A. Meehl,"National Center for Atmospheric Research (NCAR), USA"
7,Physical Climate Processes and Feedbacks,Contributing Author,U. Mikolajewicz,"Max-Planck Institute for Meteorology, Germany"
7,Physical Climate Processes and Feedbacks,Contributing Author,W. O'Hirok,"Institute for Computational Earth System Science, USA"
7,Physical Climate Processes and Feedbacks,Contributing Author,C.L. Parkinson,"National Aeronautics and Space Administration (NASA), USA"
7,Physical Climate Processes and Feedbacks,Contributing Author,Antony Payne,"University of Southampton, United Kingdom"
7,Physical Climate Processes and Feedbacks,Contributing Author,Andy Pitman,"Macquarie University, Australia"
7,Physical Climate Processes and Feedbacks,Contributing Author,J. Polcher,"Institut Pierre Simon Laplace (IPSL), France"
7,Physical Climate Processes and Feedbacks,Contributing Author,I. Polyakov,"Princeton University, USA"
7,Physical Climate Processes and Feedbacks,Contributing Author,Venkatachalam Ramaswamy,"National Oceanographic and Atmospheric Administration (NOAA), USA"
7,Physical Climate Processes and Feedbacks,Contributing Author,Philip Rasch,"National Center for Atmospheric Research (NCAR), USA"
7,Physical Climate Processes and Feedbacks,Contributing Author,E.P. Salathe,"University of Washington, USA"
7,Physical Climate Processes and Feedbacks,Contributing Author,C. Schaur,"Institut fur Klimaforschung ETH, Switzerland"
7,Physical Climate Processes and Feedbacks,Contributing Author,R.W. Schmitt,"Woods Hole Oceanographic Institution, USA"
7,Physical Climate Processes and Feedbacks,Contributing Author,Theodore G. Shepherd,"University of Toronto, Canada"
7,Physical Climate Processes and Feedbacks,Contributing Author,Brian Soden,"Princeton University, USA"
7,Physical Climate Processes and Feedbacks,Contributing Author,R.W. Spencer,"National Aeronautics and Space Administration (NASA), USA"
7,Physical Climate Processes and Feedbacks,Contributing Author,P. Taylor,"Southampton Oceanography Centre, United Kingdom"
7,Physical Climate Processes and Feedbacks,Contributing Author,Axel Timmermann,"Royal Netherlands Meteorological Institute (KNMI), The Netherlands"
7,Physical Climate Processes and Feedbacks,Contributing Author,K.Ya. Vinnikov,"University of Maryland, USA"
7,Physical Climate Processes and Feedbacks,Contributing Author,M. Visbeck,"Columbia University, USA"
7,Physical Climate Processes and Feedbacks,Contributing Author,S.E. Wijffels,"Commonwealth Scientific and Industrial Research Organization (CSIRO), Australia"
7,Physical Climate Processes and Feedbacks,Contributing Author,Oliver Wild,"Frontier Research Center for Global Change, Japan"
,,,,
7,Physical Climate Processes and Feedbacks,Review Editor,S. Manabe,"Research Institute for Global Change, Japan"
7,Physical Climate Processes and Feedbacks,Review Editor,P. Mason,"Met Office, United Kingdom"
,,,,
8,Model Evaluation,Coordinating Lead Author,Bryant J. McAvaney,"Bureau of Meteorology, Australia"
,,,,
8,Model Evaluation,Lead Author,Curt Covey,"Lawrence Livermore National Laboratory, USA"
8,Model Evaluation,Lead Author,Sylvie Joussaume,"Institut Pierre Simon Laplace (IPSL), France"
8,Model Evaluation,Lead Author,Vladimir M. Kattsov,"Voeikov Main Geophysical Observatory, Russian Federation"
8,Model Evaluation,Lead Author,Akio Kitoh,"Meteorological Research Institute, Japan"
8,Model Evaluation,Lead Author,W. Ogana,"University of Nairobi, Kenya"
8,Model Evaluation,Lead Author,Andy Pitman,"Macquarie University, Australia"
8,Model Evaluation,Lead Author,Andrew J. Weaver,"University of Victoria, Canada"
8,Model Evaluation,Lead Author,Richard A. Wood,"Met Office, United Kingdom"
8,Model Evaluation,Lead Author,Zong-Ci Zhao,"China Meteorological Administration, China"
,,,,
8,Model Evaluation,Contributing Author,Krishna Mirle Achutarao,"Lawrence Livermore National Laboratory, USA"
8,Model Evaluation,Contributing Author,A. Arking,"National Aeronautics and Space Administration (NASA), USA"
8,Model Evaluation,Contributing Author,A. Barnston,"National Oceanographic and Atmospheric Administration (NOAA), USA"
8,Model Evaluation,Contributing Author,Richard A. Betts,"Met Office, United Kingdom"
8,Model Evaluation,Contributing Author,Cecilia M. Bitz,"Quaternary Research, USA"
8,Model Evaluation,Contributing Author,George J. Boer,"Environment Canada, Canada"
8,Model Evaluation,Contributing Author,Pascale Braconnot,"Institut Pierre Simon Laplace (IPSL), France"
8,Model Evaluation,Contributing Author,Anthony J. Broccoli,"National Oceanographic and Atmospheric Administration (NOAA), USA"
8,Model Evaluation,Contributing Author,F.O. Bryan,"Program in Atmospheric and Oceanic Sciences, USA"
8,Model Evaluation,Contributing Author,Martin Claussen,"Potsdam Institute for Climate Impact Research, Germany"
8,Model Evaluation,Contributing Author,Robert Colman,"Bureau of Meteorology, Australia"
8,Model Evaluation,Contributing Author,A. Del Genio,"National Aeronautics and Space Administration (NASA), USA"
8,Model Evaluation,Contributing Author,Pascale Delecluse,"Institut Pierre Simon Laplace (IPSL), France"
8,Model Evaluation,Contributing Author,Keith W. Dixon,"National Oceanographic and Atmospheric Administration (NOAA), USA"
8,Model Evaluation,Contributing Author,Phil Duffy,"Lawrence Livermore National Laboratory, USA"
8,Model Evaluation,Contributing Author,L. Dumenil,"Max-Planck Institute for Meteorology, Germany"
8,Model Evaluation,Contributing Author,M. England,"University of New South Wales, Australia"
8,Model Evaluation,Contributing Author,Thierry Fichefet,"Université Catholique de Louvain, Belgium"
8,Model Evaluation,Contributing Author,Gregory Flato,"Environment Canada, Canada"
8,Model Evaluation,Contributing Author,John Fyfe,"Environment Canada, Canada"
8,Model Evaluation,Contributing Author,N. Gedney,"Met Office, United Kingdom"
8,Model Evaluation,Contributing Author,Peter Gent,"National Center for Atmospheric Research (NCAR), USA"
8,Model Evaluation,Contributing Author,C. Genthon,"Laboratoire de Glaciologie et Géophysique de l'Environnement (LGGE), France"
8,Model Evaluation,Contributing Author,K. Gregory,"Centre for Business and the Environment, USA"
8,Model Evaluation,Contributing Author,Eric Guilyardi,"Institut Pierre Simon Laplace (IPSL), France"
8,Model Evaluation,Contributing Author,S. Harrison,"Max-Planck Institute for Biogeochemistry, Germany"
8,Model Evaluation,Contributing Author,N. Hasegawa,"Japan Environment Agency, Japan"
8,Model Evaluation,Contributing Author,Greg Holland,"Bureau of Meteorology, Australia"
8,Model Evaluation,Contributing Author,Marika M. Holland,"National Center for Atmospheric Research (NCAR), USA"
8,Model Evaluation,Contributing Author,Y. Jia,"Southampton Oceanography Centre, United Kingdom"
8,Model Evaluation,Contributing Author,Roger N. Jones,"Commonwealth Scientific and Industrial Research Organization (CSIRO), Australia"
8,Model Evaluation,Contributing Author,Masa Kageyama,"Institut Pierre Simon Laplace (IPSL), France"
8,Model Evaluation,Contributing Author,D. Keith,"Harvard University, USA"
8,Model Evaluation,Contributing Author,K. Kodera,"Meteorological Research Institute, Japan"
8,Model Evaluation,Contributing Author,J.E. Kutzbach,"University of Wisconsin, USA"
8,Model Evaluation,Contributing Author,S. Lambert,"University of Victoria, Canada"
8,Model Evaluation,Contributing Author,S. Legutke,"Deutsches Klimarechenzentrum, Germany"
8,Model Evaluation,Contributing Author,G. Madec,"Institut Pierre Simon Laplace (IPSL), France"
8,Model Evaluation,Contributing Author,S. Maeda,"Meteorological Research Institute, Japan"
8,Model Evaluation,Contributing Author,M.E. Mann,"University of Virginia, USA"
8,Model Evaluation,Contributing Author,Gerald A. Meehl,"National Center for Atmospheric Research (NCAR), USA"
8,Model Evaluation,Contributing Author,Igor Mokhov,"Institute of Atmospheric Physics, Russian Federation"
8,Model Evaluation,Contributing Author,T. Motoi,"Frontier Research Center for Global Change, Japan"
8,Model Evaluation,Contributing Author,Thomas Phillips,"Lawrence Livermore National Laboratory, USA"
8,Model Evaluation,Contributing Author,J. Polcher,"Institut Pierre Simon Laplace (IPSL), France"
8,Model Evaluation,Contributing Author,V. Pope,"Met Office, United Kingdom"
8,Model Evaluation,Contributing Author,G.L. Potter,"Lawrence Livermore National Laboratory, USA"
8,Model Evaluation,Contributing Author,I. Colin Prentice,"Max-Planck Institute for Biogeochemistry, Germany"
8,Model Evaluation,Contributing Author,G. Roff,"Bureau of Meteorology, Australia"
8,Model Evaluation,Contributing Author,P.J. Sellers,"National Aeronautics and Space Administration (NASA), USA"
8,Model Evaluation,Contributing Author,Frederick H.M. Semazzi,"Southampton Oceanography Centre, United Kingdom"
8,Model Evaluation,Contributing Author,D.J. Stensrud,"National Oceanographic and Atmospheric Administration (NOAA), USA"
8,Model Evaluation,Contributing Author,T. Stockdale,"European Centre for Medium-Range Weather Forecasts (ECMWF), United Kingdom"
8,Model Evaluation,Contributing Author,Ronald J. Stouffer,"National Oceanographic and Atmospheric Administration (NOAA), USA"
8,Model Evaluation,Contributing Author,T. Taylor,"University of Bath, United Kingdom"
8,Model Evaluation,Contributing Author,Kevin E. Trenberth,"National Center for Atmospheric Research (NCAR), USA"
8,Model Evaluation,Contributing Author,K. Walsh,"Commonwealth Scientific and Industrial Research Organization (CSIRO), Australia"
8,Model Evaluation,Contributing Author,Oliver Wild,"Frontier Research Center for Global Change, Japan"
8,Model Evaluation,Contributing Author,T. Williamson,"N/A, N/A"
8,Model Evaluation,Contributing Author,Shang-Ping Xie,"University of Hawaii, USA"
8,Model Evaluation,Contributing Author,Y. Zhang,"University of Michigan, USA"
8,Model Evaluation,Contributing Author,Francis W. Zwiers,"Environment Canada, Canada"
,,,,
8,Model Evaluation,Review Editor,Y. Qian,"Nanjing University, China"
8,Model Evaluation,Review Editor,John M.R. Stone,"Environment Canada, Canada"
,,,,
9,Projections of Future Climate Change,Coordinating Lead Author,Ulrich Cubasch,"Max-Planck Institute for Meteorology, Germany"
9,Projections of Future Climate Change,Coordinating Lead Author,Gerald A. Meehl,"National Center for Atmospheric Research (NCAR), USA"
,,,,
9,Projections of Future Climate Change,Lead Author,George J. Boer,"Environment Canada, Canada"
9,Projections of Future Climate Change,Lead Author,Martin Dix,"Commonwealth Scientific and Industrial Research Organization (CSIRO), Australia"
9,Projections of Future Climate Change,Lead Author,Akira Noda,"Japan Meteorological Agency, Japan"
9,Projections of Future Climate Change,Lead Author,Sarah C.B. Raper,"University of East Anglia, United Kingdom"
9,Projections of Future Climate Change,Lead Author,Catherine A. Senior,"Met Office, United Kingdom"
9,Projections of Future Climate Change,Lead Author,Ronald J. Stouffer,"National Oceanographic and Atmospheric Administration (NOAA), USA"
9,Projections of Future Climate Change,Lead Author,K.S. Yap,"Malaysian Meteorological Service, Malaysia"
,,,,
9,Projections of Future Climate Change,Contributing Author,Ayako Abe-Ouchi,"University of Tokyo, Japan"
9,Projections of Future Climate Change,Contributing Author,S. Brinkop,"Institute of Atmospheric Physics Germany, Germany"
9,Projections of Future Climate Change,Contributing Author,Martin Claussen,"Potsdam Institute for Climate Impact Research, Germany"
9,Projections of Future Climate Change,Contributing Author,Williams J. Collins,"Met Office, United Kingdom"
9,Projections of Future Climate Change,Contributing Author,J. Evans,"Pennsylvania State University, USA"
9,Projections of Future Climate Change,Contributing Author,I. Fischer-Bruns,"Max-Planck Institute for Meteorology, Germany"
9,Projections of Future Climate Change,Contributing Author,Gregory Flato,"Environment Canada, Canada"
9,Projections of Future Climate Change,Contributing Author,John Fyfe,"Environment Canada, Canada"
9,Projections of Future Climate Change,Contributing Author,Andrey Ganopolski,"Potsdam Institute for Climate Impact Research, Germany"
9,Projections of Future Climate Change,Contributing Author,K. Gregory,"Centre for Business and the Environment, USA"
9,Projections of Future Climate Change,Contributing Author,Z.-Z. Hu,"Center for Ocean-Land-Atmosphere Studies, USA"
9,Projections of Future Climate Change,Contributing Author,Fortunat Joos,"University of Bern, Switzerland"
9,Projections of Future Climate Change,Contributing Author,Thomas Knutson,"National Oceanographic and Atmospheric Administration (NOAA), USA"
9,Projections of Future Climate Change,Contributing Author,Chris Landsea,"National Oceanographic and Atmospheric Administration (NOAA), USA"
9,Projections of Future Climate Change,Contributing Author,Linda O. Mearns,"National Center for Atmospheric Research (NCAR), USA"
9,Projections of Future Climate Change,Contributing Author,Chris Milly,"U.S. Geological Survey, USA"
9,Projections of Future Climate Change,Contributing Author,John F. B. Mitchell,"Met Office, United Kingdom"
9,Projections of Future Climate Change,Contributing Author,T. Nozawa,"National Institute for Environmental Studies, Japan"
9,Projections of Future Climate Change,Contributing Author,H. Paeth,"Universitat Bonn, Germany"
9,Projections of Future Climate Change,Contributing Author,J. Rasmussen,"Swedish Meteorological and Hydrological Institute, Sweden"
9,Projections of Future Climate Change,Contributing Author,Robert Sausen,"Institute of Atmospheric Physics Germany, Germany"
9,Projections of Future Climate Change,Contributing Author,Joel B. Smith,"Stratus Consulting Inc., USA"
9,Projections of Future Climate Change,Contributing Author,U. Ulbrich,"Institut fuer Geophysik und Meteorologie, Germany"
9,Projections of Future Climate Change,Contributing Author,Andrew J. Weaver,"University of Victoria, Canada"
9,Projections of Future Climate Change,Contributing Author,J. Wegner,"Deutsches Klimarechenzentrum, Germany"
9,Projections of Future Climate Change,Contributing Author,Penny Whetton,"Commonwealth Scientific and Industrial Research Organization (CSIRO), Australia"
9,Projections of Future Climate Change,Contributing Author,Tom M.L. Wigley,"National Center for Atmospheric Research (NCAR), USA"
9,Projections of Future Climate Change,Contributing Author,M. Winton,"National Oceanographic and Atmospheric Administration (NOAA), USA"
9,Projections of Future Climate Change,Contributing Author,Francis W. Zwiers,"Environment Canada, Canada"
,,,,
9,Projections of Future Climate Change,Review Editor,J.-W. Kim,"Yonsei University, South Korea"
9,Projections of Future Climate Change,Review Editor,John M.R. Stone,"Environment Canada, Canada"
,,,,
10,Regional Climate Information – Evaluation and Projections,Coordinating Lead Author,Filippo Giorgi,"Abdus Salam International Centre for Theoretical Physics, Italy"
10,Regional Climate Information – Evaluation and Projections,Coordinating Lead Author,Bruce Charles Hewitson,"University of Cape Town, South Africa"
,,,,
10,Regional Climate Information – Evaluation and Projections,Lead Author,John M. Christensen,"Risoe National Laboratory, Denmark"
10,Regional Climate Information – Evaluation and Projections,Lead Author,Congbin Fu,"Chinese Academy of Sciences, China"
10,Regional Climate Information – Evaluation and Projections,Lead Author,Mike Hulme,"University of East Anglia, United Kingdom"
10,Regional Climate Information – Evaluation and Projections,Lead Author,Andy Jones,"Met Office, United Kingdom"
10,Regional Climate Information – Evaluation and Projections,Lead Author,Linda O. Mearns,"National Center for Atmospheric Research (NCAR), USA"
10,Regional Climate Information – Evaluation and Projections,Lead Author,Hans von Storch,"GKSS Research Centre, Germany"
10,Regional Climate Information – Evaluation and Projections,Lead Author,Penny Whetton,"Commonwealth Scientific and Industrial Research Organization (CSIRO), Australia"
,,,,
10,Regional Climate Information – Evaluation and Projections,Contributing Author,Raymond Arritt,"Iowa State University, USA"
10,Regional Climate Information – Evaluation and Projections,Contributing Author,Bryson C. Bates,"Commonwealth Scientific and Industrial Research Organization (CSIRO), Australia"
10,Regional Climate Information – Evaluation and Projections,Contributing Author,Rasmus Benestad,"Frischsenteret, Norway"
10,Regional Climate Information – Evaluation and Projections,Contributing Author,George J. Boer,"Environment Canada, Canada"
10,Regional Climate Information – Evaluation and Projections,Contributing Author,T.A. Buishand,"Royal Netherlands Meteorological Institute (KNMI), The Netherlands"
10,Regional Climate Information – Evaluation and Projections,Contributing Author,M. Castro,"Universidad Complutense de Madrid, Spain"
10,Regional Climate Information – Evaluation and Projections,Contributing Author,Xiongwen Chen,"N/A, N/A"
10,Regional Climate Information – Evaluation and Projections,Contributing Author,Wolfgang P. Cramer,"Potsdam Institute for Climate Impact Research, Germany"
10,Regional Climate Information – Evaluation and Projections,Contributing Author,R. Crane,"Pennsylvania State University, USA"
10,Regional Climate Information – Evaluation and Projections,Contributing Author,J.F. Crossley,"University of East Anglia, United Kingdom"
10,Regional Climate Information – Evaluation and Projections,Contributing Author,M. Dehn,"University of Bonn, Germany"
10,Regional Climate Information – Evaluation and Projections,Contributing Author,Klaus Dethloff,"Alfred Wegener Institute for Polar and Marine Research, Germany"
10,Regional Climate Information – Evaluation and Projections,Contributing Author,J. Dippner,"Institute for Baltic Sea Research, Germany"
10,Regional Climate Information – Evaluation and Projections,Contributing Author,Seita Emori,"National Institute for Environmental Studies, Japan"
10,Regional Climate Information – Evaluation and Projections,Contributing Author,R. Francisco,"Weather Bureau, Philippines"
10,Regional Climate Information – Evaluation and Projections,Contributing Author,John Fyfe,"Environment Canada, Canada"
10,Regional Climate Information – Evaluation and Projections,Contributing Author,F.W. Gerstengarbe,"Potsdam Institute for Climate Impact Research, Germany"
10,Regional Climate Information – Evaluation and Projections,Contributing Author,William Gutowski,"Iowa State University, USA"
10,Regional Climate Information – Evaluation and Projections,Contributing Author,Dimitrios Gyalistras,"University of Bern, Switzerland"
10,Regional Climate Information – Evaluation and Projections,Contributing Author,Inger Hanssen-Bauer,"Norwegian Meteorological Institute, Norway"
10,Regional Climate Information – Evaluation and Projections,Contributing Author,M. Hantel,"University of Vienna, Austria"
10,Regional Climate Information – Evaluation and Projections,Contributing Author,D.C. Hassell,"Met Office, United Kingdom"
10,Regional Climate Information – Evaluation and Projections,Contributing Author,Martin Heimann,"Max-Planck Institute for Biogeochemistry, Germany"
10,Regional Climate Information – Evaluation and Projections,Contributing Author,C. Jack,"University of Cape Town, South Africa"
10,Regional Climate Information – Evaluation and Projections,Contributing Author,J. Jacobeit,"Universitaet Wuerzburg, Germany"
10,Regional Climate Information – Evaluation and Projections,Contributing Author,H. Kato,"Central Research Institute of Electric Power Industry, Japan"
10,Regional Climate Information – Evaluation and Projections,Contributing Author,Richard W. Katz,"National Center for Atmospheric Research (NCAR), USA"
10,Regional Climate Information – Evaluation and Projections,Contributing Author,F. Kauker,"Alfred Wegener Institute for Polar and Marine Research, Germany"
10,Regional Climate Information – Evaluation and Projections,Contributing Author,Rattan Lal,"Ohio State University, USA"
10,Regional Climate Information – Evaluation and Projections,Contributing Author,Chris Landsea,"National Oceanographic and Atmospheric Administration (NOAA), USA"
10,Regional Climate Information – Evaluation and Projections,Contributing Author,René Laprise,"University of Quebec at Montreal, Canada"
10,Regional Climate Information – Evaluation and Projections,Contributing Author,Lawrence Leung,"N/A, N/A"
10,Regional Climate Information – Evaluation and Projections,Contributing Author,Amanda H. Lynch,"University of Colorado, USA"
10,Regional Climate Information – Evaluation and Projections,Contributing Author,W. May,"Danish Meteorological Institute, Denmark"
10,Regional Climate Information – Evaluation and Projections,Contributing Author,J.L. McGregor,"Commonwealth Scientific and Industrial Research Organization (CSIRO), Australia"
10,Regional Climate Information – Evaluation and Projections,Contributing Author,N.L. Miller,"Lawrence Berkeley National Laboratory, USA"
10,Regional Climate Information – Evaluation and Projections,Contributing Author,James M. Murphy,"Met Office, United Kingdom"
10,Regional Climate Information – Evaluation and Projections,Contributing Author,J. Ribalaygua,"Fundacion para la Investigacion del Clima, Spain"
10,Regional Climate Information – Evaluation and Projections,Contributing Author,Annette Rinke,"Alfred Wegener Institute for Polar and Marine Research, Germany"
10,Regional Climate Information – Evaluation and Projections,Contributing Author,Markku Rummukainen,"Swedish Meteorological and Hydrological Institute, Sweden"
10,Regional Climate Information – Evaluation and Projections,Contributing Author,Frederick H.M. Semazzi,"Southampton Oceanography Centre, United Kingdom"
10,Regional Climate Information – Evaluation and Projections,Contributing Author,John E. Walsh,"University of Illinois at Urbana-Champaign, USA"
10,Regional Climate Information – Evaluation and Projections,Contributing Author,P. Werner,"Potsdam Institute for Climate Impact Research, Germany"
10,Regional Climate Information – Evaluation and Projections,Contributing Author,Martin Widmann,"GKSS Research Centre, Germany"
10,Regional Climate Information – Evaluation and Projections,Contributing Author,Robert Wilby,"University of Derby, United Kingdom"
10,Regional Climate Information – Evaluation and Projections,Contributing Author,Oliver Wild,"Frontier Research Center for Global Change, Japan"
10,Regional Climate Information – Evaluation and Projections,Contributing Author,Y. Xue,"University of California Los Angeles, USA"
,,,,
10,Regional Climate Information – Evaluation and Projections,Review Editor,M. Mietus,"Institute of Meteorology & Water Management, Poland"
10,Regional Climate Information – Evaluation and Projections,Review Editor,Robert T. Watson,"World Bank, USA"
,,,,
11,Changes in Sea Level,Coordinating Lead Author,John A. Church,"Commonwealth Scientific and Industrial Research Organization (CSIRO), Australia"
11,Changes in Sea Level,Coordinating Lead Author,K. Gregory,"Centre for Business and the Environment, USA"
,,,,
11,Changes in Sea Level,Lead Author,Philippe Huybrechts,"Vrije Universiteit Brussel, Belgium"
11,Changes in Sea Level,Lead Author,M. Kuhn,"University of Innsbruck, Austria"
11,Changes in Sea Level,Lead Author,Kurt Lambeck,"Australian National University, Australia"
11,Changes in Sea Level,Lead Author,M.T. Nhuan,"Hanoi University of Science, Vietnam"
11,Changes in Sea Level,Lead Author,Dahe Qin,"Chinese Academy of Sciences, China"
11,Changes in Sea Level,Lead Author,Philip Woodworth,"Bidston Observatory, United Kingdom"
,,,,
11,Changes in Sea Level,Contributing Author,Oleg A. Anisimov,"State Hydrological Institute, Russian Federation"
11,Changes in Sea Level,Contributing Author,F.O. Bryan,"Program in Atmospheric and Oceanic Sciences, USA"
11,Changes in Sea Level,Contributing Author,Anny Cazenave,"Laboratoire d'Etudes en Géophysique et Océanographie Spatiale (LEGOS), France"
11,Changes in Sea Level,Contributing Author,Keith W. Dixon,"National Oceanographic and Atmospheric Administration (NOAA), USA"
11,Changes in Sea Level,Contributing Author,B. Blair Fitzharris,"University of Otago, New Zealand"
11,Changes in Sea Level,Contributing Author,Gregory Flato,"Environment Canada, Canada"
11,Changes in Sea Level,Contributing Author,Andrey Ganopolski,"Potsdam Institute for Climate Impact Research, Germany"
11,Changes in Sea Level,Contributing Author,Vivien Gornitz,"Columbia University, USA"
11,Changes in Sea Level,Contributing Author,Thomas Knutson,"National Oceanographic and Atmospheric Administration (NOAA), USA"
11,Changes in Sea Level,Contributing Author,Jason A. Lowe,"Met Office, United Kingdom"
11,Changes in Sea Level,Contributing Author,Akira Noda,"Japan Meteorological Agency, Japan"
11,Changes in Sea Level,Contributing Author,S.P. O'Farrell,"Commonwealth Scientific and Industrial Research Organization (CSIRO), Australia"
11,Changes in Sea Level,Contributing Author,J.M. Oberhuber,"Deutsches Klimarechenzentrum, Germany"
11,Changes in Sea Level,Contributing Author,Atsumu Ohmura,"Geographisches Institut ETH, Switzerland"
11,Changes in Sea Level,Contributing Author,Michael Oppenheimer,"Environmental Defense Fund, USA"
11,Changes in Sea Level,Contributing Author,W. Richard Peltier,"University of Toronto, Canada"
11,Changes in Sea Level,Contributing Author,Sarah C.B. Raper,"University of East Anglia, United Kingdom"
11,Changes in Sea Level,Contributing Author,C. Ritz,"Laboratoire de Glaciologie et Géophysique de l'Environnement (LGGE), France"
11,Changes in Sea Level,Contributing Author,J.M. Russell,"Hampton University, USA"
11,Changes in Sea Level,Contributing Author,E. Schlosser,"University of Innsbruck, Austria"
11,Changes in Sea Level,Contributing Author,C.K. Shum,"Ohio State University, USA"
11,Changes in Sea Level,Contributing Author,Thomas F. Stocker,"University of Bern, Switzerland"
11,Changes in Sea Level,Contributing Author,Ronald J. Stouffer,"National Oceanographic and Atmospheric Administration (NOAA), USA"
11,Changes in Sea Level,Contributing Author,R.S.W. Van de Wal,"N/A, N/A"
11,Changes in Sea Level,Contributing Author,R. Voss,"Deutsches Klimarechenzentrum, Germany"
11,Changes in Sea Level,Contributing Author,E.C. Wiebe,"University of Victoria, Canada"
11,Changes in Sea Level,Contributing Author,Oliver Wild,"Frontier Research Center for Global Change, Japan"
11,Changes in Sea Level,Contributing Author,D.J. Wingham,"University College London, United Kingdom"
11,Changes in Sea Level,Contributing Author,H.J. Zwally,"National Aeronautics and Space Administration (NASA), USA"
,,,,
11,Changes in Sea Level,Review Editor,B.C. Douglas,"University of Maryland, USA"
11,Changes in Sea Level,Review Editor,A. Ramirez-Rojas,"Universidad Central Venezuela, Venezuela"
,,,,
12,Detection of Climate Change and Attribution of Causes,Coordinating Lead Author,David J. Karoly,"Monash University, Australia"
12,Detection of Climate Change and Attribution of Causes,Coordinating Lead Author,John F. B. Mitchell,"Met Office, United Kingdom"
,,,,
12,Detection of Climate Change and Attribution of Causes,Lead Author,Myles R. Allen,"Rutherford Appleton Laboratory, United Kingdom"
12,Detection of Climate Change and Attribution of Causes,Lead Author,Gabriele C. Hegerl,"Texas A&M University, USA"
12,Detection of Climate Change and Attribution of Causes,Lead Author,Jose Marengo,"National Institute for Space Research (INPE), Brazil"
12,Detection of Climate Change and Attribution of Causes,Lead Author,Francis W. Zwiers,"Environment Canada, Canada"
,,,,
12,Detection of Climate Change and Attribution of Causes,Contributing Author,Vicente Ricardo Barros,"Universidad de Buenos Aires, Argentina"
12,Detection of Climate Change and Attribution of Causes,Contributing Author,M. Berliner,"Ohio State University, USA"
12,Detection of Climate Change and Attribution of Causes,Contributing Author,George J. Boer,"Environment Canada, Canada"
12,Detection of Climate Change and Attribution of Causes,Contributing Author,T. Crowley,"Texas A&M University, USA"
12,Detection of Climate Change and Attribution of Causes,Contributing Author,Christopher K. Folland,"Met Office, United Kingdom"
12,Detection of Climate Change and Attribution of Causes,Contributing Author,Melissa Free,"National Oceanographic and Atmospheric Administration (NOAA), USA"
12,Detection of Climate Change and Attribution of Causes,Contributing Author,Nathan P. Gillett,"University of Oxford, United Kingdom"
12,Detection of Climate Change and Attribution of Causes,Contributing Author,Joanna Haigh,"Imperial College London, United Kingdom"
12,Detection of Climate Change and Attribution of Causes,Contributing Author,K. Hasselmann,"Max-Planck Institute for Meteorology, Germany"
12,Detection of Climate Change and Attribution of Causes,Contributing Author,Roger N. Jones,"Commonwealth Scientific and Industrial Research Organization (CSIRO), Australia"
12,Detection of Climate Change and Attribution of Causes,Contributing Author,Milind Kandlikar,"Carnegie Mellon University, USA"
12,Detection of Climate Change and Attribution of Causes,Contributing Author,Viatcheslar Kharin,"Environment Canada, Canada"
12,Detection of Climate Change and Attribution of Causes,Contributing Author,Haroon Kheshgi,"Exxon Mobil Corporation, USA"
12,Detection of Climate Change and Attribution of Causes,Contributing Author,Thomas Knutson,"National Oceanographic and Atmospheric Administration (NOAA), USA"
12,Detection of Climate Change and Attribution of Causes,Contributing Author,Michael C. MacCracken,"Office of the US Global Change Research Program, USA"
12,Detection of Climate Change and Attribution of Causes,Contributing Author,M.E. Mann,"University of Virginia, USA"
12,Detection of Climate Change and Attribution of Causes,Contributing Author,W. North,"N/A, N/A"
12,Detection of Climate Change and Attribution of Causes,Contributing Author,J. Risbey,"Carnegie Mellon University, USA"
12,Detection of Climate Change and Attribution of Causes,Contributing Author,Alan Robock,"Rutgers University, USA"
12,Detection of Climate Change and Attribution of Causes,Contributing Author,Benjamin D. Santer,"Lawrence Livermore National Laboratory, USA"
12,Detection of Climate Change and Attribution of Causes,Contributing Author,C. Schanwiese,"Goethe University Frankfurt, Germany"
12,Detection of Climate Change and Attribution of Causes,Contributing Author,R. Schnur,"Max-Planck Institute for Meteorology, Germany"
12,Detection of Climate Change and Attribution of Causes,Contributing Author,David Sexton,"Met Office, United Kingdom"
12,Detection of Climate Change and Attribution of Causes,Contributing Author,Peter A. Stott,"Met Office, United Kingdom"
12,Detection of Climate Change and Attribution of Causes,Contributing Author,Simon Tett,"Met Office, United Kingdom"
12,Detection of Climate Change and Attribution of Causes,Contributing Author,K.Ya. Vinnikov,"University of Maryland, USA"
12,Detection of Climate Change and Attribution of Causes,Contributing Author,Tom M.L. Wigley,"National Center for Atmospheric Research (NCAR), USA"
12,Detection of Climate Change and Attribution of Causes,Contributing Author,Pavel Ya Groisman,"National Oceanographic and Atmospheric Administration (NOAA), USA"
,,,,
12,Detection of Climate Change and Attribution of Causes,Review Editor,Frederick H.M. Semazzi,"Southampton Oceanography Centre, United Kingdom"
12,Detection of Climate Change and Attribution of Causes,Review Editor,Robert T. Watson,"World Bank, USA"
,,,,
13,Climate Scenario Development,Coordinating Lead Author,Mike Hulme,"University of East Anglia, United Kingdom"
13,Climate Scenario Development,Coordinating Lead Author,Linda O. Mearns,"National Center for Atmospheric Research (NCAR), USA"
,,,,
13,Climate Scenario Development,Lead Author,Timothy Carter,"Finnish Environment Institute, Finland"
13,Climate Scenario Development,Lead Author,Rattan Lal,"Ohio State University, USA"
13,Climate Scenario Development,Lead Author,Rik Leemans,"National Institute for Public Health and the Environment (RIVM), The Netherlands"
13,Climate Scenario Development,Lead Author,Penny Whetton,"Commonwealth Scientific and Industrial Research Organization (CSIRO), Australia"
,,,,
13,Climate Scenario Development,Contributing Author,John Hay,"University of Waikato, New Zealand"
13,Climate Scenario Development,Contributing Author,Andy Jones,"Met Office, United Kingdom"
13,Climate Scenario Development,Contributing Author,Richard W. Katz,"National Center for Atmospheric Research (NCAR), USA"
13,Climate Scenario Development,Contributing Author,T. Kittel,"National Center for Atmospheric Research (NCAR), USA"
13,Climate Scenario Development,Contributing Author,Raymond C. Smith,"University of California Santa Barbara, USA"
13,Climate Scenario Development,Contributing Author,Thomas F. Stocker,"University of Bern, Switzerland"
13,Climate Scenario Development,Contributing Author,Robert Wilby,"University of Derby, United Kingdom"
,,,,
13,Climate Scenario Development,Review Editor,Luis Jose Mata,"Universidad Central Venezuela, Venezuela"
13,Climate Scenario Development,Review Editor,Robert T. Watson,"World Bank, USA"
,,,,
14,Advancing our Understanding,Coordinating Lead Author,B. Moore III,"University of New Hampshire, USA"
,,,,
14,Advancing our Understanding,Lead Author,W.L. Gates,"Lawrence Livermore National Laboratory, USA"
14,Advancing our Understanding,Lead Author,Luis Jose Mata,"Universidad Central Venezuela, Venezuela"
14,Advancing our Understanding,Lead Author,A. Underdal,"University of Oslo, Norway"
,,,,
14,Advancing our Understanding,Contributing Author,Ronald J. Stouffer,"National Oceanographic and Atmospheric Administration (NOAA), USA"
,,,,
14,Advancing our Understanding,Review Editor,Bert Bolin,"Retired, Sweden"
14,Advancing our Understanding,Review Editor,A. Ramirez-Rojas,"Universidad Central Venezuela, Venezuela"
