Group,Country,Name,Institution (Department)
REVIEWERS OF THE IPCC WGI REPORT,AUSTRALIA,G. Ayres,CSIRO (Division of Atmospheric Research)
REVIEWERS OF THE IPCC WGI REPORT,AUSTRALIA,R. Boers,CSIRO (Division of Atmospheric Research)
REVIEWERS OF THE IPCC WGI REPORT,AUSTRALIA,W. Bouma,CSIRO (Division of Atmospheric Research)
REVIEWERS OF THE IPCC WGI REPORT,AUSTRALIA,P. Cheng,"Department of the Environment, Sport & Territories"
REVIEWERS OF THE IPCC WGI REPORT,AUSTRALIA,,
REVIEWERS OF THE IPCC WGI REPORT,AUSTRALIA,,
REVIEWERS OF THE IPCC WGI REPORT,AUSTRALIA,,
REVIEWERS OF THE IPCC WGI REPORT,AUSTRALIA,,
REVIEWERS OF THE IPCC WGI REPORT,AUSTRALIA,,
REVIEWERS OF THE IPCC WGI REPORT,AUSTRALIA,,
REVIEWERS OF THE IPCC WGI REPORT,AUSTRALIA,,
REVIEWERS OF THE IPCC WGI REPORT,AUSTRALIA,,
REVIEWERS OF THE IPCC WGI REPORT,AUSTRALIA,,
REVIEWERS OF THE IPCC WGI REPORT,AUSTRALIA,,
REVIEWERS OF THE IPCC WGI REPORT,AUSTRALIA,,
REVIEWERS OF THE IPCC WGI REPORT,AUSTRALIA,,
REVIEWERS OF THE IPCC WGI REPORT,AUSTRALIA,,
REVIEWERS OF THE IPCC WGI REPORT,AUSTRALIA,,
REVIEWERS OF THE IPCC WGI REPORT,AUSTRALIA,,
REVIEWERS OF THE IPCC WGI REPORT,AUSTRALIA,,
REVIEWERS OF THE IPCC WGI REPORT,AUSTRALIA,J. Zillman,Bureau of Meteorology
,,,
REVIEWERS OF THE IPCC WGI REPORT,BARBADOS,C. A. Depradine,Caribbean Meteorological Institute
,,,
REVIEWERS OF THE IPCC WGI REPORT,BELGIUM,A. Berger,
REVIEWERS OF THE IPCC WGI REPORT,BELGIUM,,
REVIEWERS OF THE IPCC WGI REPORT,BELGIUM,,
,,,
REVIEWERS OF THE IPCC WGI REPORT,BENIN,,
,,,
REVIEWERS OF THE IPCC WGI REPORT,BRAZIL,,
,,,
REVIEWERS OF THE IPCC WGI REPORT,CANADA,,
REVIEWERS OF THE IPCC WGI REPORT,CANADA,,
REVIEWERS OF THE IPCC WGI REPORT,CANADA,,
REVIEWERS OF THE IPCC WGI REPORT,CANADA,,
REVIEWERS OF THE IPCC WGI REPORT,CANADA,,
REVIEWERS OF THE IPCC WGI REPORT,CANADA,,
REVIEWERS OF THE IPCC WGI REPORT,CANADA,,
REVIEWERS OF THE IPCC WGI REPORT,CANADA,,
REVIEWERS OF THE IPCC WGI REPORT,CANADA,,
REVIEWERS OF THE IPCC WGI REPORT,CANADA,,
REVIEWERS OF THE IPCC WGI REPORT,CANADA,,
REVIEWERS OF THE IPCC WGI REPORT,CANADA,,
REVIEWERS OF THE IPCC WGI REPORT,CANADA,,
REVIEWERS OF THE IPCC WGI REPORT,CANADA,,
REVIEWERS OF THE IPCC WGI REPORT,CANADA,,
,,,
REVIEWERS OF THE IPCC WGI REPORT,CHINA,,
REVIEWERS OF THE IPCC WGI REPORT,CHINA,,
REVIEWERS OF THE IPCC WGI REPORT,CHINA,,
REVIEWERS OF THE IPCC WGI REPORT,CHINA,,
,,,
REVIEWERS OF THE IPCC WGI REPORT,DENMARK,,
REVIEWERS OF THE IPCC WGI REPORT,DENMARK,,
REVIEWERS OF THE IPCC WGI REPORT,DENMARK,,
REVIEWERS OF THE IPCC WGI REPORT,DENMARK,,
REVIEWERS OF THE IPCC WGI REPORT,DENMARK,,
REVIEWERS OF THE IPCC WGI REPORT,DENMARK,,
REVIEWERS OF THE IPCC WGI REPORT,DENMARK,,
,,,
REVIEWERS OF THE IPCC WGI REPORT,EL SALVADOR,,
,,,
REVIEWERS OF THE IPCC WGI REPORT,FINLAND,,
REVIEWERS OF THE IPCC WGI REPORT,FINLAND,,
REVIEWERS OF THE IPCC WGI REPORT,FINLAND,,
,,,
REVIEWERS OF THE IPCC WGI REPORT,FRANCE,,
REVIEWERS OF THE IPCC WGI REPORT,FRANCE,,
REVIEWERS OF THE IPCC WGI REPORT,FRANCE,,
REVIEWERS OF THE IPCC WGI REPORT,FRANCE,,
REVIEWERS OF THE IPCC WGI REPORT,FRANCE,,
REVIEWERS OF THE IPCC WGI REPORT,FRANCE,,
REVIEWERS OF THE IPCC WGI REPORT,FRANCE,,
,,,
REVIEWERS OF THE IPCC WGI REPORT,FRANCE,J. C. Duplessy,Centre des Faibles Radioactivites
REVIEWERS OF THE IPCC WGI REPORT,FRANCE,,
REVIEWERS OF THE IPCC WGI REPORT,FRANCE,,
REVIEWERS OF THE IPCC WGI REPORT,FRANCE,,
REVIEWERS OF THE IPCC WGI REPORT,FRANCE,,
REVIEWERS OF THE IPCC WGI REPORT,FRANCE,,
REVIEWERS OF THE IPCC WGI REPORT,FRANCE,,
REVIEWERS OF THE IPCC WGI REPORT,FRANCE,,
REVIEWERS OF THE IPCC WGI REPORT,FRANCE,,
REVIEWERS OF THE IPCC WGI REPORT,FRANCE,,
REVIEWERS OF THE IPCC WGI REPORT,FRANCE,,
,,,
REVIEWERS OF THE IPCC WGI REPORT,GERMANY,,
REVIEWERS OF THE IPCC WGI REPORT,GERMANY,,
REVIEWERS OF THE IPCC WGI REPORT,GERMANY,,
REVIEWERS OF THE IPCC WGI REPORT,GERMANY,,
REVIEWERS OF THE IPCC WGI REPORT,GERMANY,,
REVIEWERS OF THE IPCC WGI REPORT,GERMANY,,
REVIEWERS OF THE IPCC WGI REPORT,GERMANY,,
,,,
REVIEWERS OF THE IPCC WGI REPORT,GHANA,,
,,,
REVIEWERS OF THE IPCC WGI REPORT,HUNGARY,,
REVIEWERS OF THE IPCC WGI REPORT,HUNGARY,,
,,,
REVIEWERS OF THE IPCC WGI REPORT,INDIA,,
REVIEWERS OF THE IPCC WGI REPORT,INDIA,,
REVIEWERS OF THE IPCC WGI REPORT,INDIA,,
,,,
REVIEWERS OF THE IPCC WGI REPORT,ITALY,,
REVIEWERS OF THE IPCC WGI REPORT,ITALY,,
REVIEWERS OF THE IPCC WGI REPORT,ITALY,,
,,,
REVIEWERS OF THE IPCC WGI REPORT,JAPAN,,
REVIEWERS OF THE IPCC WGI REPORT,JAPAN,,
REVIEWERS OF THE IPCC WGI REPORT,JAPAN,,
REVIEWERS OF THE IPCC WGI REPORT,JAPAN,,
REVIEWERS OF THE IPCC WGI REPORT,JAPAN,,
REVIEWERS OF THE IPCC WGI REPORT,JAPAN,,
REVIEWERS OF THE IPCC WGI REPORT,JAPAN,,
REVIEWERS OF THE IPCC WGI REPORT,JAPAN,,
REVIEWERS OF THE IPCC WGI REPORT,JAPAN,,
REVIEWERS OF THE IPCC WGI REPORT,JAPAN,,
,,,
REVIEWERS OF THE IPCC WGI REPORT,KENYA,,
,,,
REVIEWERS OF THE IPCC WGI REPORT,KIRIBATI,,
,,,
REVIEWERS OF THE IPCC WGI REPORT,NETHERLANDS,,
REVIEWERS OF THE IPCC WGI REPORT,NETHERLANDS,,
REVIEWERS OF THE IPCC WGI REPORT,NETHERLANDS,,
REVIEWERS OF THE IPCC WGI REPORT,NETHERLANDS,,
REVIEWERS OF THE IPCC WGI REPORT,NETHERLANDS,,
REVIEWERS OF THE IPCC WGI REPORT,NETHERLANDS,,
REVIEWERS OF THE IPCC WGI REPORT,NETHERLANDS,,
REVIEWERS OF THE IPCC WGI REPORT,NETHERLANDS,,
REVIEWERS OF THE IPCC WGI REPORT,NETHERLANDS,,
REVIEWERS OF THE IPCC WGI REPORT,NETHERLANDS,,
REVIEWERS OF THE IPCC WGI REPORT,NETHERLANDS,,
,,,
REVIEWERS OF THE IPCC WGI REPORT,NEW ZEALAND,,
REVIEWERS OF THE IPCC WGI REPORT,NEW ZEALAND,,
,,,
REVIEWERS OF THE IPCC WGI REPORT,NORWAY,,
REVIEWERS OF THE IPCC WGI REPORT,NORWAY,,
,,,
REVIEWERS OF THE IPCC WGI REPORT,RUSSIA,,
REVIEWERS OF THE IPCC WGI REPORT,RUSSIA,,
REVIEWERS OF THE IPCC WGI REPORT,RUSSIA,,
REVIEWERS OF THE IPCC WGI REPORT,RUSSIA,,
,,,
REVIEWERS OF THE IPCC WGI REPORT,SAUDI ARABIA,,
,,,
REVIEWERS OF THE IPCC WGI REPORT,SPAIN,,
REVIEWERS OF THE IPCC WGI REPORT,SPAIN,,
REVIEWERS OF THE IPCC WGI REPORT,SPAIN,,
,,,
REVIEWERS OF THE IPCC WGI REPORT,SWEDEN,,
REVIEWERS OF THE IPCC WGI REPORT,SWEDEN,,
REVIEWERS OF THE IPCC WGI REPORT,SWEDEN,,
REVIEWERS OF THE IPCC WGI REPORT,SWEDEN,,
REVIEWERS OF THE IPCC WGI REPORT,SWEDEN,,
REVIEWERS OF THE IPCC WGI REPORT,SWEDEN,,
REVIEWERS OF THE IPCC WGI REPORT,SWEDEN,,
REVIEWERS OF THE IPCC WGI REPORT,SWEDEN,,
,,,
REVIEWERS OF THE IPCC WGI REPORT,SWITZERLAND,,
REVIEWERS OF THE IPCC WGI REPORT,SWITZERLAND,,
REVIEWERS OF THE IPCC WGI REPORT,SWITZERLAND,,
REVIEWERS OF THE IPCC WGI REPORT,SWITZERLAND,,
,,,
REVIEWERS OF THE IPCC WGI REPORT,TUNISIA,,
,,,
REVIEWERS OF THE IPCC WGI REPORT,UNITED KINGDOM,,
REVIEWERS OF THE IPCC WGI REPORT,UNITED KINGDOM,,
REVIEWERS OF THE IPCC WGI REPORT,UNITED KINGDOM,,
REVIEWERS OF THE IPCC WGI REPORT,UNITED KINGDOM,,
REVIEWERS OF THE IPCC WGI REPORT,UNITED KINGDOM,,
REVIEWERS OF THE IPCC WGI REPORT,UNITED KINGDOM,,
REVIEWERS OF THE IPCC WGI REPORT,UNITED KINGDOM,,
REVIEWERS OF THE IPCC WGI REPORT,UNITED KINGDOM,,
REVIEWERS OF THE IPCC WGI REPORT,UNITED KINGDOM,,
REVIEWERS OF THE IPCC WGI REPORT,UNITED KINGDOM,,
REVIEWERS OF THE IPCC WGI REPORT,UNITED KINGDOM,,
REVIEWERS OF THE IPCC WGI REPORT,UNITED KINGDOM,,
REVIEWERS OF THE IPCC WGI REPORT,UNITED KINGDOM,,
REVIEWERS OF THE IPCC WGI REPORT,UNITED KINGDOM,,
REVIEWERS OF THE IPCC WGI REPORT,UNITED KINGDOM,,
REVIEWERS OF THE IPCC WGI REPORT,UNITED KINGDOM,,
REVIEWERS OF THE IPCC WGI REPORT,UNITED KINGDOM,,
REVIEWERS OF THE IPCC WGI REPORT,UNITED KINGDOM,,
REVIEWERS OF THE IPCC WGI REPORT,UNITED KINGDOM,,
REVIEWERS OF THE IPCC WGI REPORT,UNITED KINGDOM,,
REVIEWERS OF THE IPCC WGI REPORT,UNITED KINGDOM,,
REVIEWERS OF THE IPCC WGI REPORT,UNITED KINGDOM,,
REVIEWERS OF THE IPCC WGI REPORT,UNITED KINGDOM,,
REVIEWERS OF THE IPCC WGI REPORT,UNITED KINGDOM,,
,,,
REVIEWERS OF THE IPCC WGI REPORT,UNITED STATES OF AMERICA,,
REVIEWERS OF THE IPCC WGI REPORT,UNITED STATES OF AMERICA,,
REVIEWERS OF THE IPCC WGI REPORT,UNITED STATES OF AMERICA,,
REVIEWERS OF THE IPCC WGI REPORT,UNITED STATES OF AMERICA,,
REVIEWERS OF THE IPCC WGI REPORT,UNITED STATES OF AMERICA,,
REVIEWERS OF THE IPCC WGI REPORT,UNITED STATES OF AMERICA,,
REVIEWERS OF THE IPCC WGI REPORT,UNITED STATES OF AMERICA,,
REVIEWERS OF THE IPCC WGI REPORT,UNITED STATES OF AMERICA,,
REVIEWERS OF THE IPCC WGI REPORT,UNITED STATES OF AMERICA,,
REVIEWERS OF THE IPCC WGI REPORT,UNITED STATES OF AMERICA,,
REVIEWERS OF THE IPCC WGI REPORT,UNITED STATES OF AMERICA,,
REVIEWERS OF THE IPCC WGI REPORT,UNITED STATES OF AMERICA,,
REVIEWERS OF THE IPCC WGI REPORT,UNITED STATES OF AMERICA,,
REVIEWERS OF THE IPCC WGI REPORT,UNITED STATES OF AMERICA,,
REVIEWERS OF THE IPCC WGI REPORT,UNITED STATES OF AMERICA,,
REVIEWERS OF THE IPCC WGI REPORT,UNITED STATES OF AMERICA,,
REVIEWERS OF THE IPCC WGI REPORT,UNITED STATES OF AMERICA,,
REVIEWERS OF THE IPCC WGI REPORT,UNITED STATES OF AMERICA,,
REVIEWERS OF THE IPCC WGI REPORT,UNITED STATES OF AMERICA,,
REVIEWERS OF THE IPCC WGI REPORT,UNITED STATES OF AMERICA,,
REVIEWERS OF THE IPCC WGI REPORT,UNITED STATES OF AMERICA,,
REVIEWERS OF THE IPCC WGI REPORT,UNITED STATES OF AMERICA,,
REVIEWERS OF THE IPCC WGI REPORT,UNITED STATES OF AMERICA,,
,,,
REVIEWERS OF THE IPCC WGI REPORT,UNITED STATES OF AMERICA,,
REVIEWERS OF THE IPCC WGI REPORT,UNITED STATES OF AMERICA,,
REVIEWERS OF THE IPCC WGI REPORT,UNITED STATES OF AMERICA,,
REVIEWERS OF THE IPCC WGI REPORT,UNITED STATES OF AMERICA,,
REVIEWERS OF THE IPCC WGI REPORT,UNITED STATES OF AMERICA,,
REVIEWERS OF THE IPCC WGI REPORT,UNITED STATES OF AMERICA,,
REVIEWERS OF THE IPCC WGI REPORT,UNITED STATES OF AMERICA,,
REVIEWERS OF THE IPCC WGI REPORT,UNITED STATES OF AMERICA,,
REVIEWERS OF THE IPCC WGI REPORT,UNITED STATES OF AMERICA,,
REVIEWERS OF THE IPCC WGI REPORT,UNITED STATES OF AMERICA,,
REVIEWERS OF THE IPCC WGI REPORT,UNITED STATES OF AMERICA,,
REVIEWERS OF THE IPCC WGI REPORT,UNITED STATES OF AMERICA,,
REVIEWERS OF THE IPCC WGI REPORT,UNITED STATES OF AMERICA,,
REVIEWERS OF THE IPCC WGI REPORT,UNITED STATES OF AMERICA,,
REVIEWERS OF THE IPCC WGI REPORT,UNITED STATES OF AMERICA,,
REVIEWERS OF THE IPCC WGI REPORT,UNITED STATES OF AMERICA,,
REVIEWERS OF THE IPCC WGI REPORT,UNITED STATES OF AMERICA,,
,,,
REVIEWERS OF THE IPCC WGI REPORT,NONGOVERNMENTAL ORGANIZATIONS,J.G. Owens,3M Company
REVIEWERS OF THE IPCC WGI REPORT,NONGOVERNMENTAL ORGANIZATIONS,,
REVIEWERS OF THE IPCC WGI REPORT,NONGOVERNMENTAL ORGANIZATIONS,,
REVIEWERS OF THE IPCC WGI REPORT,NONGOVERNMENTAL ORGANIZATIONS,,
REVIEWERS OF THE IPCC WGI REPORT,NONGOVERNMENTAL ORGANIZATIONS,,
REVIEWERS OF THE IPCC WGI REPORT,NONGOVERNMENTAL ORGANIZATIONS,,
REVIEWERS OF THE IPCC WGI REPORT,NONGOVERNMENTAL ORGANIZATIONS,,
REVIEWERS OF THE IPCC WGI REPORT,NONGOVERNMENTAL ORGANIZATIONS,,
REVIEWERS OF THE IPCC WGI REPORT,NONGOVERNMENTAL ORGANIZATIONS,,
REVIEWERS OF THE IPCC WGI REPORT,NONGOVERNMENTAL ORGANIZATIONS,,
REVIEWERS OF THE IPCC WGI REPORT,NONGOVERNMENTAL ORGANIZATIONS,,
REVIEWERS OF THE IPCC WGI REPORT,NONGOVERNMENTAL ORGANIZATIONS,,
REVIEWERS OF THE IPCC WGI REPORT,NONGOVERNMENTAL ORGANIZATIONS,,
REVIEWERS OF THE IPCC WGI REPORT,NONGOVERNMENTAL ORGANIZATIONS,,
REVIEWERS OF THE IPCC WGI REPORT,NONGOVERNMENTAL ORGANIZATIONS,,
REVIEWERS OF THE IPCC WGI REPORT,NONGOVERNMENTAL ORGANIZATIONS,,
REVIEWERS OF THE IPCC WGI REPORT,NONGOVERNMENTAL ORGANIZATIONS,,
REVIEWERS OF THE IPCC WGI REPORT,NONGOVERNMENTAL ORGANIZATIONS,,
REVIEWERS OF THE IPCC WGI REPORT,NONGOVERNMENTAL ORGANIZATIONS,,
REVIEWERS OF THE IPCC WGI REPORT,NONGOVERNMENTAL ORGANIZATIONS,,
REVIEWERS OF THE IPCC WGI REPORT,NONGOVERNMENTAL ORGANIZATIONS,,
REVIEWERS OF THE IPCC WGI REPORT,NONGOVERNMENTAL ORGANIZATIONS,,
REVIEWERS OF THE IPCC WGI REPORT,NONGOVERNMENTAL ORGANIZATIONS,,
REVIEWERS OF THE IPCC WGI REPORT,NONGOVERNMENTAL ORGANIZATIONS,,
REVIEWERS OF THE IPCC WGI REPORT,NONGOVERNMENTAL ORGANIZATIONS,,
REVIEWERS OF THE IPCC WGI REPORT,NONGOVERNMENTAL ORGANIZATIONS,M. Jefferson,World Energy Council
