Chapter,Role,Name (Country)
Renewable Energy in the Context of Sustainable Development,Coordinating Lead Author,Jayant Sathaye (USA)
Renewable Energy in the Context of Sustainable Development,Coordinating Lead Author,
Renewable Energy in the Context of Sustainable Development,Coordinating Lead Author,
,,
Renewable Energy in the Context of Sustainable Development,Lead Author,
Renewable Energy in the Context of Sustainable Development,Lead Author,
Renewable Energy in the Context of Sustainable Development,Lead Author,
Renewable Energy in the Context of Sustainable Development,Lead Author,
Renewable Energy in the Context of Sustainable Development,Lead Author,
Renewable Energy in the Context of Sustainable Development,Lead Author,
Renewable Energy in the Context of Sustainable Development,Lead Author,
Renewable Energy in the Context of Sustainable Development,Lead Author,
,,
Renewable Energy in the Context of Sustainable Development,Contributing Author,
Renewable Energy in the Context of Sustainable Development,Contributing Author,
Renewable Energy in the Context of Sustainable Development,Contributing Author,
Renewable Energy in the Context of Sustainable Development,Contributing Author,
Renewable Energy in the Context of Sustainable Development,Contributing Author,
Renewable Energy in the Context of Sustainable Development,Contributing Author,
Renewable Energy in the Context of Sustainable Development,Contributing Author,
Renewable Energy in the Context of Sustainable Development,Contributing Author,
Renewable Energy in the Context of Sustainable Development,Contributing Author,
Renewable Energy in the Context of Sustainable Development,Contributing Author,
Renewable Energy in the Context of Sustainable Development,Contributing Author,
Renewable Energy in the Context of Sustainable Development,Contributing Author,
Renewable Energy in the Context of Sustainable Development,Contributing Author,
Renewable Energy in the Context of Sustainable Development,Contributing Author,
Renewable Energy in the Context of Sustainable Development,Contributing Author,
Renewable Energy in the Context of Sustainable Development,Contributing Author,
Renewable Energy in the Context of Sustainable Development,Contributing Author,
Renewable Energy in the Context of Sustainable Development,Contributing Author,
Renewable Energy in the Context of Sustainable Development,Contributing Author,
Renewable Energy in the Context of Sustainable Development,Contributing Author,
Renewable Energy in the Context of Sustainable Development,Contributing Author,
Renewable Energy in the Context of Sustainable Development,Contributing Author,
Renewable Energy in the Context of Sustainable Development,Contributing Author,
Renewable Energy in the Context of Sustainable Development,Contributing Author,
Renewable Energy in the Context of Sustainable Development,Contributing Author,
Renewable Energy in the Context of Sustainable Development,Contributing Author,
Renewable Energy in the Context of Sustainable Development,Contributing Author,
Renewable Energy in the Context of Sustainable Development,Contributing Author,
Renewable Energy in the Context of Sustainable Development,Contributing Author,
,,
Renewable Energy in the Context of Sustainable Development,Review Editor,
Renewable Energy in the Context of Sustainable Development,Review Editor,
Renewable Energy in the Context of Sustainable Development,Review Editor,
,,
Renewable Energy in the Context of Sustainable Development,Special Advisor,
