#,Chapter,Role,Name
7,A Generic Assessment of Response Options,,C.J. JEPMA
7,A Generic Assessment of Response Options,,M. ASADUZZAMAN
7,A Generic Assessment of Response Options,,I. MINTZER
7,A Generic Assessment of Response Options,,R.S. MAYA
7,A Generic Assessment of Response Options,,M. AL-MONEEF
,,,
7,A Generic Assessment of Response Options,Contributor,J. Byrne
7,A Generic Assessment of Response Options,Contributor,H. Geller
7,A Generic Assessment of Response Options,Contributor,C.A. Hendriks
7,A Generic Assessment of Response Options,Contributor,M. Jefferson
7,A Generic Assessment of Response Options,Contributor,G. Leach
7,A Generic Assessment of Response Options,Contributor,A. Qureshi
7,A Generic Assessment of Response Options,Contributor,W. Sassin
7,A Generic Assessment of Response Options,Contributor,R. A. Sedjo
7,A Generic Assessment of Response Options,Contributor,A. van der Veen
