Role,Country,Name,Institution
EXPERT REVIEWERS OF THE IPCC WORKING GROUP II VOLUME,Argentina,,
EXPERT REVIEWERS OF THE IPCC WORKING GROUP II VOLUME,Argentina,,
EXPERT REVIEWERS OF THE IPCC WORKING GROUP II VOLUME,Argentina,,
EXPERT REVIEWERS OF THE IPCC WORKING GROUP II VOLUME,Argentina,,
EXPERT REVIEWERS OF THE IPCC WORKING GROUP II VOLUME,Argentina,,
EXPERT REVIEWERS OF THE IPCC WORKING GROUP II VOLUME,Argentina,,
EXPERT REVIEWERS OF THE IPCC WORKING GROUP II VOLUME,Argentina,,
EXPERT REVIEWERS OF THE IPCC WORKING GROUP II VOLUME,Argentina,,
EXPERT REVIEWERS OF THE IPCC WORKING GROUP II VOLUME,Argentina,,
,,,
EXPERT REVIEWERS OF THE IPCC WORKING GROUP II VOLUME,Australia,,
EXPERT REVIEWERS OF THE IPCC WORKING GROUP II VOLUME,Australia,,
EXPERT REVIEWERS OF THE IPCC WORKING GROUP II VOLUME,Australia,,
EXPERT REVIEWERS OF THE IPCC WORKING GROUP II VOLUME,Australia,,
EXPERT REVIEWERS OF THE IPCC WORKING GROUP II VOLUME,Australia,,
EXPERT REVIEWERS OF THE IPCC WORKING GROUP II VOLUME,Australia,,
EXPERT REVIEWERS OF THE IPCC WORKING GROUP II VOLUME,Australia,,
EXPERT REVIEWERS OF THE IPCC WORKING GROUP II VOLUME,Australia,,
EXPERT REVIEWERS OF THE IPCC WORKING GROUP II VOLUME,Australia,,
EXPERT REVIEWERS OF THE IPCC WORKING GROUP II VOLUME,Australia,,
EXPERT REVIEWERS OF THE IPCC WORKING GROUP II VOLUME,Australia,,
EXPERT REVIEWERS OF THE IPCC WORKING GROUP II VOLUME,Australia,,
EXPERT REVIEWERS OF THE IPCC WORKING GROUP II VOLUME,Australia,,
EXPERT REVIEWERS OF THE IPCC WORKING GROUP II VOLUME,Australia,,
EXPERT REVIEWERS OF THE IPCC WORKING GROUP II VOLUME,Australia,,
EXPERT REVIEWERS OF THE IPCC WORKING GROUP II VOLUME,Australia,,
EXPERT REVIEWERS OF THE IPCC WORKING GROUP II VOLUME,Australia,,
EXPERT REVIEWERS OF THE IPCC WORKING GROUP II VOLUME,Australia,,
EXPERT REVIEWERS OF THE IPCC WORKING GROUP II VOLUME,Australia,,
EXPERT REVIEWERS OF THE IPCC WORKING GROUP II VOLUME,Australia,,
EXPERT REVIEWERS OF THE IPCC WORKING GROUP II VOLUME,Australia,,
EXPERT REVIEWERS OF THE IPCC WORKING GROUP II VOLUME,Australia,,
EXPERT REVIEWERS OF THE IPCC WORKING GROUP II VOLUME,Australia,,
EXPERT REVIEWERS OF THE IPCC WORKING GROUP II VOLUME,Australia,,
EXPERT REVIEWERS OF THE IPCC WORKING GROUP II VOLUME,Australia,,
,,,
EXPERT REVIEWERS OF THE IPCC WORKING GROUP II VOLUME,Australia,,
EXPERT REVIEWERS OF THE IPCC WORKING GROUP II VOLUME,Australia,,
EXPERT REVIEWERS OF THE IPCC WORKING GROUP II VOLUME,Australia,,
EXPERT REVIEWERS OF THE IPCC WORKING GROUP II VOLUME,Australia,,
EXPERT REVIEWERS OF THE IPCC WORKING GROUP II VOLUME,Australia,,
EXPERT REVIEWERS OF THE IPCC WORKING GROUP II VOLUME,Australia,,
EXPERT REVIEWERS OF THE IPCC WORKING GROUP II VOLUME,Australia,,
,,,
EXPERT REVIEWERS OF THE IPCC WORKING GROUP II VOLUME,Austria,,
EXPERT REVIEWERS OF THE IPCC WORKING GROUP II VOLUME,Austria,,
EXPERT REVIEWERS OF THE IPCC WORKING GROUP II VOLUME,Austria,,
EXPERT REVIEWERS OF THE IPCC WORKING GROUP II VOLUME,Austria,,
EXPERT REVIEWERS OF THE IPCC WORKING GROUP II VOLUME,Austria,,
EXPERT REVIEWERS OF THE IPCC WORKING GROUP II VOLUME,Austria,,
EXPERT REVIEWERS OF THE IPCC WORKING GROUP II VOLUME,Austria,,
EXPERT REVIEWERS OF THE IPCC WORKING GROUP II VOLUME,Austria,,
,,,
EXPERT REVIEWERS OF THE IPCC WORKING GROUP II VOLUME,Bahamas,,
,,,
EXPERT REVIEWERS OF THE IPCC WORKING GROUP II VOLUME,Barbados,,
,,,
EXPERT REVIEWERS OF THE IPCC WORKING GROUP II VOLUME,Belgium,,
EXPERT REVIEWERS OF THE IPCC WORKING GROUP II VOLUME,Belgium,,
EXPERT REVIEWERS OF THE IPCC WORKING GROUP II VOLUME,Belgium,,
EXPERT REVIEWERS OF THE IPCC WORKING GROUP II VOLUME,Belgium,,
EXPERT REVIEWERS OF THE IPCC WORKING GROUP II VOLUME,Belgium,,
EXPERT REVIEWERS OF THE IPCC WORKING GROUP II VOLUME,Belgium,,
,,,
EXPERT REVIEWERS OF THE IPCC WORKING GROUP II VOLUME,Botswana,,
,,,
EXPERT REVIEWERS OF THE IPCC WORKING GROUP II VOLUME,Brazil,,
EXPERT REVIEWERS OF THE IPCC WORKING GROUP II VOLUME,Brazil,,
,,,
EXPERT REVIEWERS OF THE IPCC WORKING GROUP II VOLUME,Canada,,
EXPERT REVIEWERS OF THE IPCC WORKING GROUP II VOLUME,Canada,,
EXPERT REVIEWERS OF THE IPCC WORKING GROUP II VOLUME,Canada,,
EXPERT REVIEWERS OF THE IPCC WORKING GROUP II VOLUME,Canada,,
EXPERT REVIEWERS OF THE IPCC WORKING GROUP II VOLUME,Canada,,
EXPERT REVIEWERS OF THE IPCC WORKING GROUP II VOLUME,Canada,,
,,,
EXPERT REVIEWERS OF THE IPCC WORKING GROUP II VOLUME,Canada,,
EXPERT REVIEWERS OF THE IPCC WORKING GROUP II VOLUME,Canada,,
EXPERT REVIEWERS OF THE IPCC WORKING GROUP II VOLUME,Canada,,
EXPERT REVIEWERS OF THE IPCC WORKING GROUP II VOLUME,Canada,,
EXPERT REVIEWERS OF THE IPCC WORKING GROUP II VOLUME,Canada,,
EXPERT REVIEWERS OF THE IPCC WORKING GROUP II VOLUME,Canada,,
EXPERT REVIEWERS OF THE IPCC WORKING GROUP II VOLUME,Canada,,
EXPERT REVIEWERS OF THE IPCC WORKING GROUP II VOLUME,Canada,,
EXPERT REVIEWERS OF THE IPCC WORKING GROUP II VOLUME,Canada,,
EXPERT REVIEWERS OF THE IPCC WORKING GROUP II VOLUME,Canada,,
EXPERT REVIEWERS OF THE IPCC WORKING GROUP II VOLUME,Canada,,
EXPERT REVIEWERS OF THE IPCC WORKING GROUP II VOLUME,Canada,,
EXPERT REVIEWERS OF THE IPCC WORKING GROUP II VOLUME,Canada,,
EXPERT REVIEWERS OF THE IPCC WORKING GROUP II VOLUME,Canada,,
EXPERT REVIEWERS OF THE IPCC WORKING GROUP II VOLUME,Canada,,
EXPERT REVIEWERS OF THE IPCC WORKING GROUP II VOLUME,Canada,,
EXPERT REVIEWERS OF THE IPCC WORKING GROUP II VOLUME,Canada,,
EXPERT REVIEWERS OF THE IPCC WORKING GROUP II VOLUME,Canada,,
EXPERT REVIEWERS OF THE IPCC WORKING GROUP II VOLUME,Canada,,
EXPERT REVIEWERS OF THE IPCC WORKING GROUP II VOLUME,Canada,,
EXPERT REVIEWERS OF THE IPCC WORKING GROUP II VOLUME,Canada,,
EXPERT REVIEWERS OF THE IPCC WORKING GROUP II VOLUME,Canada,,
EXPERT REVIEWERS OF THE IPCC WORKING GROUP II VOLUME,Canada,,
EXPERT REVIEWERS OF THE IPCC WORKING GROUP II VOLUME,Canada,,
EXPERT REVIEWERS OF THE IPCC WORKING GROUP II VOLUME,Canada,,
EXPERT REVIEWERS OF THE IPCC WORKING GROUP II VOLUME,Canada,,
EXPERT REVIEWERS OF THE IPCC WORKING GROUP II VOLUME,Canada,,
EXPERT REVIEWERS OF THE IPCC WORKING GROUP II VOLUME,Canada,,
EXPERT REVIEWERS OF THE IPCC WORKING GROUP II VOLUME,Canada,,
EXPERT REVIEWERS OF THE IPCC WORKING GROUP II VOLUME,Canada,,
EXPERT REVIEWERS OF THE IPCC WORKING GROUP II VOLUME,Canada,,
EXPERT REVIEWERS OF THE IPCC WORKING GROUP II VOLUME,Canada,,
,,,
EXPERT REVIEWERS OF THE IPCC WORKING GROUP II VOLUME,China,,
EXPERT REVIEWERS OF THE IPCC WORKING GROUP II VOLUME,China,,
EXPERT REVIEWERS OF THE IPCC WORKING GROUP II VOLUME,China,,
EXPERT REVIEWERS OF THE IPCC WORKING GROUP II VOLUME,China,,
EXPERT REVIEWERS OF THE IPCC WORKING GROUP II VOLUME,China,,
EXPERT REVIEWERS OF THE IPCC WORKING GROUP II VOLUME,China,,
EXPERT REVIEWERS OF THE IPCC WORKING GROUP II VOLUME,China,,
EXPERT REVIEWERS OF THE IPCC WORKING GROUP II VOLUME,China,,
EXPERT REVIEWERS OF THE IPCC WORKING GROUP II VOLUME,China,,
EXPERT REVIEWERS OF THE IPCC WORKING GROUP II VOLUME,China,,
EXPERT REVIEWERS OF THE IPCC WORKING GROUP II VOLUME,China,,
EXPERT REVIEWERS OF THE IPCC WORKING GROUP II VOLUME,China,,
EXPERT REVIEWERS OF THE IPCC WORKING GROUP II VOLUME,China,,
EXPERT REVIEWERS OF THE IPCC WORKING GROUP II VOLUME,China,,
EXPERT REVIEWERS OF THE IPCC WORKING GROUP II VOLUME,China,,
,,,
EXPERT REVIEWERS OF THE IPCC WORKING GROUP II VOLUME,China,,
EXPERT REVIEWERS OF THE IPCC WORKING GROUP II VOLUME,China,,
,,,
EXPERT REVIEWERS OF THE IPCC WORKING GROUP II VOLUME,Colombia,,
,,,
EXPERT REVIEWERS OF THE IPCC WORKING GROUP II VOLUME,Cuba,,
EXPERT REVIEWERS OF THE IPCC WORKING GROUP II VOLUME,Cuba,,
EXPERT REVIEWERS OF THE IPCC WORKING GROUP II VOLUME,Cuba,,
,,,
EXPERT REVIEWERS OF THE IPCC WORKING GROUP II VOLUME,Denmark,,
EXPERT REVIEWERS OF THE IPCC WORKING GROUP II VOLUME,Denmark,,
EXPERT REVIEWERS OF THE IPCC WORKING GROUP II VOLUME,Denmark,,
EXPERT REVIEWERS OF THE IPCC WORKING GROUP II VOLUME,Denmark,,
EXPERT REVIEWERS OF THE IPCC WORKING GROUP II VOLUME,Denmark,,
EXPERT REVIEWERS OF THE IPCC WORKING GROUP II VOLUME,Denmark,,
,,,
EXPERT REVIEWERS OF THE IPCC WORKING GROUP II VOLUME,Finland,,
EXPERT REVIEWERS OF THE IPCC WORKING GROUP II VOLUME,Finland,,
EXPERT REVIEWERS OF THE IPCC WORKING GROUP II VOLUME,Finland,,
EXPERT REVIEWERS OF THE IPCC WORKING GROUP II VOLUME,Finland,,
EXPERT REVIEWERS OF THE IPCC WORKING GROUP II VOLUME,Finland,,
EXPERT REVIEWERS OF THE IPCC WORKING GROUP II VOLUME,Finland,,
EXPERT REVIEWERS OF THE IPCC WORKING GROUP II VOLUME,Finland,,
EXPERT REVIEWERS OF THE IPCC WORKING GROUP II VOLUME,Finland,,
,,,
EXPERT REVIEWERS OF THE IPCC WORKING GROUP II VOLUME,France,,
EXPERT REVIEWERS OF THE IPCC WORKING GROUP II VOLUME,France,,
EXPERT REVIEWERS OF THE IPCC WORKING GROUP II VOLUME,France,,
EXPERT REVIEWERS OF THE IPCC WORKING GROUP II VOLUME,France,,
EXPERT REVIEWERS OF THE IPCC WORKING GROUP II VOLUME,France,,
EXPERT REVIEWERS OF THE IPCC WORKING GROUP II VOLUME,France,,
EXPERT REVIEWERS OF THE IPCC WORKING GROUP II VOLUME,France,,
EXPERT REVIEWERS OF THE IPCC WORKING GROUP II VOLUME,France,,
EXPERT REVIEWERS OF THE IPCC WORKING GROUP II VOLUME,France,,
EXPERT REVIEWERS OF THE IPCC WORKING GROUP II VOLUME,France,,
EXPERT REVIEWERS OF THE IPCC WORKING GROUP II VOLUME,France,,
EXPERT REVIEWERS OF THE IPCC WORKING GROUP II VOLUME,France,,
EXPERT REVIEWERS OF THE IPCC WORKING GROUP II VOLUME,France,,
EXPERT REVIEWERS OF THE IPCC WORKING GROUP II VOLUME,France,,
EXPERT REVIEWERS OF THE IPCC WORKING GROUP II VOLUME,France,,
EXPERT REVIEWERS OF THE IPCC WORKING GROUP II VOLUME,France,,
EXPERT REVIEWERS OF THE IPCC WORKING GROUP II VOLUME,France,,
EXPERT REVIEWERS OF THE IPCC WORKING GROUP II VOLUME,France,,
EXPERT REVIEWERS OF THE IPCC WORKING GROUP II VOLUME,France,,
,,,
EXPERT REVIEWERS OF THE IPCC WORKING GROUP II VOLUME,Germany,,
EXPERT REVIEWERS OF THE IPCC WORKING GROUP II VOLUME,Germany,,
EXPERT REVIEWERS OF THE IPCC WORKING GROUP II VOLUME,Germany,,
EXPERT REVIEWERS OF THE IPCC WORKING GROUP II VOLUME,Germany,,
EXPERT REVIEWERS OF THE IPCC WORKING GROUP II VOLUME,Germany,,
EXPERT REVIEWERS OF THE IPCC WORKING GROUP II VOLUME,Germany,,
EXPERT REVIEWERS OF THE IPCC WORKING GROUP II VOLUME,Germany,,
EXPERT REVIEWERS OF THE IPCC WORKING GROUP II VOLUME,Germany,,
EXPERT REVIEWERS OF THE IPCC WORKING GROUP II VOLUME,Germany,,
EXPERT REVIEWERS OF THE IPCC WORKING GROUP II VOLUME,Germany,,
EXPERT REVIEWERS OF THE IPCC WORKING GROUP II VOLUME,Germany,,
EXPERT REVIEWERS OF THE IPCC WORKING GROUP II VOLUME,Germany,,
EXPERT REVIEWERS OF THE IPCC WORKING GROUP II VOLUME,Germany,,
EXPERT REVIEWERS OF THE IPCC WORKING GROUP II VOLUME,Germany,,
EXPERT REVIEWERS OF THE IPCC WORKING GROUP II VOLUME,Germany,,
EXPERT REVIEWERS OF THE IPCC WORKING GROUP II VOLUME,Germany,,
EXPERT REVIEWERS OF THE IPCC WORKING GROUP II VOLUME,Germany,,
EXPERT REVIEWERS OF THE IPCC WORKING GROUP II VOLUME,Germany,,
EXPERT REVIEWERS OF THE IPCC WORKING GROUP II VOLUME,Germany,,
EXPERT REVIEWERS OF THE IPCC WORKING GROUP II VOLUME,Germany,,
EXPERT REVIEWERS OF THE IPCC WORKING GROUP II VOLUME,Germany,,
EXPERT REVIEWERS OF THE IPCC WORKING GROUP II VOLUME,Germany,,
EXPERT REVIEWERS OF THE IPCC WORKING GROUP II VOLUME,Germany,,
EXPERT REVIEWERS OF THE IPCC WORKING GROUP II VOLUME,Germany,,
EXPERT REVIEWERS OF THE IPCC WORKING GROUP II VOLUME,Germany,,
EXPERT REVIEWERS OF THE IPCC WORKING GROUP II VOLUME,Germany,,
EXPERT REVIEWERS OF THE IPCC WORKING GROUP II VOLUME,Germany,,
EXPERT REVIEWERS OF THE IPCC WORKING GROUP II VOLUME,Germany,,
EXPERT REVIEWERS OF THE IPCC WORKING GROUP II VOLUME,Germany,,
EXPERT REVIEWERS OF THE IPCC WORKING GROUP II VOLUME,Germany,,
EXPERT REVIEWERS OF THE IPCC WORKING GROUP II VOLUME,Germany,,
,,,
EXPERT REVIEWERS OF THE IPCC WORKING GROUP II VOLUME,Ghana,,
,,,
EXPERT REVIEWERS OF THE IPCC WORKING GROUP II VOLUME,Hong Kong,,
,,,
EXPERT REVIEWERS OF THE IPCC WORKING GROUP II VOLUME,Hungary,,
EXPERT REVIEWERS OF THE IPCC WORKING GROUP II VOLUME,Hungary,,
,,,
EXPERT REVIEWERS OF THE IPCC WORKING GROUP II VOLUME,Iceland,,
,,,
EXPERT REVIEWERS OF THE IPCC WORKING GROUP II VOLUME,India,,
EXPERT REVIEWERS OF THE IPCC WORKING GROUP II VOLUME,India,,
EXPERT REVIEWERS OF THE IPCC WORKING GROUP II VOLUME,India,,
EXPERT REVIEWERS OF THE IPCC WORKING GROUP II VOLUME,India,,
EXPERT REVIEWERS OF THE IPCC WORKING GROUP II VOLUME,India,,
EXPERT REVIEWERS OF THE IPCC WORKING GROUP II VOLUME,India,,
EXPERT REVIEWERS OF THE IPCC WORKING GROUP II VOLUME,India,,
EXPERT REVIEWERS OF THE IPCC WORKING GROUP II VOLUME,India,,
EXPERT REVIEWERS OF THE IPCC WORKING GROUP II VOLUME,India,,
EXPERT REVIEWERS OF THE IPCC WORKING GROUP II VOLUME,India,,
EXPERT REVIEWERS OF THE IPCC WORKING GROUP II VOLUME,India,,
EXPERT REVIEWERS OF THE IPCC WORKING GROUP II VOLUME,India,,
,,,
EXPERT REVIEWERS OF THE IPCC WORKING GROUP II VOLUME,Indonesia,,
,,,
EXPERT REVIEWERS OF THE IPCC WORKING GROUP II VOLUME,Israel,,
,,,
EXPERT REVIEWERS OF THE IPCC WORKING GROUP II VOLUME,Italy,,
EXPERT REVIEWERS OF THE IPCC WORKING GROUP II VOLUME,Italy,,
EXPERT REVIEWERS OF THE IPCC WORKING GROUP II VOLUME,Italy,,
EXPERT REVIEWERS OF THE IPCC WORKING GROUP II VOLUME,Italy,,
EXPERT REVIEWERS OF THE IPCC WORKING GROUP II VOLUME,Italy,,
EXPERT REVIEWERS OF THE IPCC WORKING GROUP II VOLUME,Italy,,
EXPERT REVIEWERS OF THE IPCC WORKING GROUP II VOLUME,Italy,,
EXPERT REVIEWERS OF THE IPCC WORKING GROUP II VOLUME,Italy,,
EXPERT REVIEWERS OF THE IPCC WORKING GROUP II VOLUME,Italy,,
EXPERT REVIEWERS OF THE IPCC WORKING GROUP II VOLUME,Italy,,
EXPERT REVIEWERS OF THE IPCC WORKING GROUP II VOLUME,Italy,,
EXPERT REVIEWERS OF THE IPCC WORKING GROUP II VOLUME,Italy,,
EXPERT REVIEWERS OF THE IPCC WORKING GROUP II VOLUME,Italy,,
,,,
EXPERT REVIEWERS OF THE IPCC WORKING GROUP II VOLUME,Japan,,
EXPERT REVIEWERS OF THE IPCC WORKING GROUP II VOLUME,Japan,,
EXPERT REVIEWERS OF THE IPCC WORKING GROUP II VOLUME,Japan,,
EXPERT REVIEWERS OF THE IPCC WORKING GROUP II VOLUME,Japan,,
EXPERT REVIEWERS OF THE IPCC WORKING GROUP II VOLUME,Japan,,
EXPERT REVIEWERS OF THE IPCC WORKING GROUP II VOLUME,Japan,,
EXPERT REVIEWERS OF THE IPCC WORKING GROUP II VOLUME,Japan,,
EXPERT REVIEWERS OF THE IPCC WORKING GROUP II VOLUME,Japan,,
,,,
EXPERT REVIEWERS OF THE IPCC WORKING GROUP II VOLUME,Japan,,
EXPERT REVIEWERS OF THE IPCC WORKING GROUP II VOLUME,Japan,,
EXPERT REVIEWERS OF THE IPCC WORKING GROUP II VOLUME,Japan,,
EXPERT REVIEWERS OF THE IPCC WORKING GROUP II VOLUME,Japan,,
EXPERT REVIEWERS OF THE IPCC WORKING GROUP II VOLUME,Japan,,
EXPERT REVIEWERS OF THE IPCC WORKING GROUP II VOLUME,Japan,,
EXPERT REVIEWERS OF THE IPCC WORKING GROUP II VOLUME,Japan,,
EXPERT REVIEWERS OF THE IPCC WORKING GROUP II VOLUME,Japan,,
EXPERT REVIEWERS OF THE IPCC WORKING GROUP II VOLUME,Japan,,
EXPERT REVIEWERS OF THE IPCC WORKING GROUP II VOLUME,Japan,,
EXPERT REVIEWERS OF THE IPCC WORKING GROUP II VOLUME,Japan,,
EXPERT REVIEWERS OF THE IPCC WORKING GROUP II VOLUME,Japan,,
EXPERT REVIEWERS OF THE IPCC WORKING GROUP II VOLUME,Japan,,
EXPERT REVIEWERS OF THE IPCC WORKING GROUP II VOLUME,Japan,,
EXPERT REVIEWERS OF THE IPCC WORKING GROUP II VOLUME,Japan,,
EXPERT REVIEWERS OF THE IPCC WORKING GROUP II VOLUME,Japan,,
,,,
EXPERT REVIEWERS OF THE IPCC WORKING GROUP II VOLUME,Kenya,,
EXPERT REVIEWERS OF THE IPCC WORKING GROUP II VOLUME,Kenya,,
EXPERT REVIEWERS OF THE IPCC WORKING GROUP II VOLUME,Kenya,,
EXPERT REVIEWERS OF THE IPCC WORKING GROUP II VOLUME,Kenya,,
EXPERT REVIEWERS OF THE IPCC WORKING GROUP II VOLUME,Kenya,,
EXPERT REVIEWERS OF THE IPCC WORKING GROUP II VOLUME,Kenya,,
EXPERT REVIEWERS OF THE IPCC WORKING GROUP II VOLUME,Kenya,,
EXPERT REVIEWERS OF THE IPCC WORKING GROUP II VOLUME,Kenya,,
EXPERT REVIEWERS OF THE IPCC WORKING GROUP II VOLUME,Kenya,,
EXPERT REVIEWERS OF THE IPCC WORKING GROUP II VOLUME,Kenya,,
EXPERT REVIEWERS OF THE IPCC WORKING GROUP II VOLUME,Kenya,,
EXPERT REVIEWERS OF THE IPCC WORKING GROUP II VOLUME,Kenya,,
EXPERT REVIEWERS OF THE IPCC WORKING GROUP II VOLUME,Kenya,,
,,,
EXPERT REVIEWERS OF THE IPCC WORKING GROUP II VOLUME,Korea,,
,,,
EXPERT REVIEWERS OF THE IPCC WORKING GROUP II VOLUME,Malawi,,
,,,
EXPERT REVIEWERS OF THE IPCC WORKING GROUP II VOLUME,Malaysia,,
,,,
EXPERT REVIEWERS OF THE IPCC WORKING GROUP II VOLUME,Maldives,,
,,,
EXPERT REVIEWERS OF THE IPCC WORKING GROUP II VOLUME,Mexico,,
EXPERT REVIEWERS OF THE IPCC WORKING GROUP II VOLUME,Mexico,,
,,,
EXPERT REVIEWERS OF THE IPCC WORKING GROUP II VOLUME,Mexico,,
EXPERT REVIEWERS OF THE IPCC WORKING GROUP II VOLUME,Mexico,,
EXPERT REVIEWERS OF THE IPCC WORKING GROUP II VOLUME,Mexico,,
EXPERT REVIEWERS OF THE IPCC WORKING GROUP II VOLUME,Mexico,,
,,,
EXPERT REVIEWERS OF THE IPCC WORKING GROUP II VOLUME,Nepal,,
EXPERT REVIEWERS OF THE IPCC WORKING GROUP II VOLUME,Nepal,,
,,,
EXPERT REVIEWERS OF THE IPCC WORKING GROUP II VOLUME,New Zealand,,
EXPERT REVIEWERS OF THE IPCC WORKING GROUP II VOLUME,New Zealand,,
EXPERT REVIEWERS OF THE IPCC WORKING GROUP II VOLUME,New Zealand,,
EXPERT REVIEWERS OF THE IPCC WORKING GROUP II VOLUME,New Zealand,,
EXPERT REVIEWERS OF THE IPCC WORKING GROUP II VOLUME,New Zealand,,
EXPERT REVIEWERS OF THE IPCC WORKING GROUP II VOLUME,New Zealand,,
EXPERT REVIEWERS OF THE IPCC WORKING GROUP II VOLUME,New Zealand,,
EXPERT REVIEWERS OF THE IPCC WORKING GROUP II VOLUME,New Zealand,,
EXPERT REVIEWERS OF THE IPCC WORKING GROUP II VOLUME,New Zealand,,
EXPERT REVIEWERS OF THE IPCC WORKING GROUP II VOLUME,New Zealand,,
EXPERT REVIEWERS OF THE IPCC WORKING GROUP II VOLUME,New Zealand,,
EXPERT REVIEWERS OF THE IPCC WORKING GROUP II VOLUME,New Zealand,,
EXPERT REVIEWERS OF THE IPCC WORKING GROUP II VOLUME,New Zealand,,
EXPERT REVIEWERS OF THE IPCC WORKING GROUP II VOLUME,New Zealand,,
EXPERT REVIEWERS OF THE IPCC WORKING GROUP II VOLUME,New Zealand,,
EXPERT REVIEWERS OF THE IPCC WORKING GROUP II VOLUME,New Zealand,,
EXPERT REVIEWERS OF THE IPCC WORKING GROUP II VOLUME,New Zealand,,
EXPERT REVIEWERS OF THE IPCC WORKING GROUP II VOLUME,New Zealand,,
,,,
EXPERT REVIEWERS OF THE IPCC WORKING GROUP II VOLUME,Niger,,
,,,
EXPERT REVIEWERS OF THE IPCC WORKING GROUP II VOLUME,Nigeria,,
EXPERT REVIEWERS OF THE IPCC WORKING GROUP II VOLUME,Nigeria,,
EXPERT REVIEWERS OF THE IPCC WORKING GROUP II VOLUME,Nigeria,,
,,,
EXPERT REVIEWERS OF THE IPCC WORKING GROUP II VOLUME,Norway,,
EXPERT REVIEWERS OF THE IPCC WORKING GROUP II VOLUME,Norway,,
EXPERT REVIEWERS OF THE IPCC WORKING GROUP II VOLUME,Norway,,
EXPERT REVIEWERS OF THE IPCC WORKING GROUP II VOLUME,Norway,,
EXPERT REVIEWERS OF THE IPCC WORKING GROUP II VOLUME,Norway,,
EXPERT REVIEWERS OF THE IPCC WORKING GROUP II VOLUME,Norway,,
EXPERT REVIEWERS OF THE IPCC WORKING GROUP II VOLUME,Norway,,
,,,
EXPERT REVIEWERS OF THE IPCC WORKING GROUP II VOLUME,Peru,,
EXPERT REVIEWERS OF THE IPCC WORKING GROUP II VOLUME,Peru,,
,,,
EXPERT REVIEWERS OF THE IPCC WORKING GROUP II VOLUME,Philippines,,
EXPERT REVIEWERS OF THE IPCC WORKING GROUP II VOLUME,Philippines,,
,,,
EXPERT REVIEWERS OF THE IPCC WORKING GROUP II VOLUME,Poland,,
EXPERT REVIEWERS OF THE IPCC WORKING GROUP II VOLUME,Poland,,
EXPERT REVIEWERS OF THE IPCC WORKING GROUP II VOLUME,Poland,,
EXPERT REVIEWERS OF THE IPCC WORKING GROUP II VOLUME,Poland,,
EXPERT REVIEWERS OF THE IPCC WORKING GROUP II VOLUME,Poland,,
,,,
EXPERT REVIEWERS OF THE IPCC WORKING GROUP II VOLUME,Portugal,,
,,,
EXPERT REVIEWERS OF THE IPCC WORKING GROUP II VOLUME,Republic of Benin,,
,,,
EXPERT REVIEWERS OF THE IPCC WORKING GROUP II VOLUME,Russia,,
EXPERT REVIEWERS OF THE IPCC WORKING GROUP II VOLUME,Russia,,
EXPERT REVIEWERS OF THE IPCC WORKING GROUP II VOLUME,Russia,,
EXPERT REVIEWERS OF THE IPCC WORKING GROUP II VOLUME,Russia,,
EXPERT REVIEWERS OF THE IPCC WORKING GROUP II VOLUME,Russia,,
EXPERT REVIEWERS OF THE IPCC WORKING GROUP II VOLUME,Russia,,
EXPERT REVIEWERS OF THE IPCC WORKING GROUP II VOLUME,Russia,,
EXPERT REVIEWERS OF THE IPCC WORKING GROUP II VOLUME,Russia,,
EXPERT REVIEWERS OF THE IPCC WORKING GROUP II VOLUME,Russia,,
EXPERT REVIEWERS OF THE IPCC WORKING GROUP II VOLUME,Russia,,
EXPERT REVIEWERS OF THE IPCC WORKING GROUP II VOLUME,Russia,,
EXPERT REVIEWERS OF THE IPCC WORKING GROUP II VOLUME,Russia,,
EXPERT REVIEWERS OF THE IPCC WORKING GROUP II VOLUME,Russia,,
EXPERT REVIEWERS OF THE IPCC WORKING GROUP II VOLUME,Russia,,
EXPERT REVIEWERS OF THE IPCC WORKING GROUP II VOLUME,Russia,,
EXPERT REVIEWERS OF THE IPCC WORKING GROUP II VOLUME,Russia,,
,,,
EXPERT REVIEWERS OF THE IPCC WORKING GROUP II VOLUME,Saudi Arabia,,
EXPERT REVIEWERS OF THE IPCC WORKING GROUP II VOLUME,Saudi Arabia,,
,,,
EXPERT REVIEWERS OF THE IPCC WORKING GROUP II VOLUME,Senegal,,
,,,
EXPERT REVIEWERS OF THE IPCC WORKING GROUP II VOLUME,Sierra Leone,,
,,,
EXPERT REVIEWERS OF THE IPCC WORKING GROUP II VOLUME,Singapore,,
,,,
EXPERT REVIEWERS OF THE IPCC WORKING GROUP II VOLUME,South Africa,,
EXPERT REVIEWERS OF THE IPCC WORKING GROUP II VOLUME,South Africa,,
,,,
EXPERT REVIEWERS OF THE IPCC WORKING GROUP II VOLUME,South Africa,,
EXPERT REVIEWERS OF THE IPCC WORKING GROUP II VOLUME,South Africa,,
EXPERT REVIEWERS OF THE IPCC WORKING GROUP II VOLUME,South Africa,,
EXPERT REVIEWERS OF THE IPCC WORKING GROUP II VOLUME,South Africa,,
EXPERT REVIEWERS OF THE IPCC WORKING GROUP II VOLUME,South Africa,,
EXPERT REVIEWERS OF THE IPCC WORKING GROUP II VOLUME,South Africa,,
EXPERT REVIEWERS OF THE IPCC WORKING GROUP II VOLUME,South Africa,,
EXPERT REVIEWERS OF THE IPCC WORKING GROUP II VOLUME,South Africa,,
,,,
EXPERT REVIEWERS OF THE IPCC WORKING GROUP II VOLUME,Spain,,
,,,
EXPERT REVIEWERS OF THE IPCC WORKING GROUP II VOLUME,Sri Lanlta,,
,,,
EXPERT REVIEWERS OF THE IPCC WORKING GROUP II VOLUME,Sweden,,
EXPERT REVIEWERS OF THE IPCC WORKING GROUP II VOLUME,Sweden,,
EXPERT REVIEWERS OF THE IPCC WORKING GROUP II VOLUME,Sweden,,
EXPERT REVIEWERS OF THE IPCC WORKING GROUP II VOLUME,Sweden,,
EXPERT REVIEWERS OF THE IPCC WORKING GROUP II VOLUME,Sweden,,
EXPERT REVIEWERS OF THE IPCC WORKING GROUP II VOLUME,Sweden,,
EXPERT REVIEWERS OF THE IPCC WORKING GROUP II VOLUME,Sweden,,
EXPERT REVIEWERS OF THE IPCC WORKING GROUP II VOLUME,Sweden,,
EXPERT REVIEWERS OF THE IPCC WORKING GROUP II VOLUME,Sweden,,
EXPERT REVIEWERS OF THE IPCC WORKING GROUP II VOLUME,Sweden,,
,,,
EXPERT REVIEWERS OF THE IPCC WORKING GROUP II VOLUME,Switzerland,,
EXPERT REVIEWERS OF THE IPCC WORKING GROUP II VOLUME,Switzerland,,
EXPERT REVIEWERS OF THE IPCC WORKING GROUP II VOLUME,Switzerland,,
EXPERT REVIEWERS OF THE IPCC WORKING GROUP II VOLUME,Switzerland,,
EXPERT REVIEWERS OF THE IPCC WORKING GROUP II VOLUME,Switzerland,,
EXPERT REVIEWERS OF THE IPCC WORKING GROUP II VOLUME,Switzerland,,
EXPERT REVIEWERS OF THE IPCC WORKING GROUP II VOLUME,Switzerland,,
EXPERT REVIEWERS OF THE IPCC WORKING GROUP II VOLUME,Switzerland,,
EXPERT REVIEWERS OF THE IPCC WORKING GROUP II VOLUME,Switzerland,,
EXPERT REVIEWERS OF THE IPCC WORKING GROUP II VOLUME,Switzerland,,
EXPERT REVIEWERS OF THE IPCC WORKING GROUP II VOLUME,Switzerland,,
EXPERT REVIEWERS OF THE IPCC WORKING GROUP II VOLUME,Switzerland,,
EXPERT REVIEWERS OF THE IPCC WORKING GROUP II VOLUME,Switzerland,,
EXPERT REVIEWERS OF THE IPCC WORKING GROUP II VOLUME,Switzerland,,
EXPERT REVIEWERS OF THE IPCC WORKING GROUP II VOLUME,Switzerland,,
EXPERT REVIEWERS OF THE IPCC WORKING GROUP II VOLUME,Switzerland,,
EXPERT REVIEWERS OF THE IPCC WORKING GROUP II VOLUME,Switzerland,,
EXPERT REVIEWERS OF THE IPCC WORKING GROUP II VOLUME,Switzerland,,
EXPERT REVIEWERS OF THE IPCC WORKING GROUP II VOLUME,Switzerland,,
,,,
EXPERT REVIEWERS OF THE IPCC WORKING GROUP II VOLUME,Switzerland,,
EXPERT REVIEWERS OF THE IPCC WORKING GROUP II VOLUME,Switzerland,,
EXPERT REVIEWERS OF THE IPCC WORKING GROUP II VOLUME,Switzerland,,
EXPERT REVIEWERS OF THE IPCC WORKING GROUP II VOLUME,Switzerland,,
EXPERT REVIEWERS OF THE IPCC WORKING GROUP II VOLUME,Switzerland,,
EXPERT REVIEWERS OF THE IPCC WORKING GROUP II VOLUME,Switzerland,,
EXPERT REVIEWERS OF THE IPCC WORKING GROUP II VOLUME,Switzerland,,
EXPERT REVIEWERS OF THE IPCC WORKING GROUP II VOLUME,Switzerland,,
EXPERT REVIEWERS OF THE IPCC WORKING GROUP II VOLUME,Switzerland,,
EXPERT REVIEWERS OF THE IPCC WORKING GROUP II VOLUME,Switzerland,,
EXPERT REVIEWERS OF THE IPCC WORKING GROUP II VOLUME,Switzerland,,
EXPERT REVIEWERS OF THE IPCC WORKING GROUP II VOLUME,Switzerland,,
EXPERT REVIEWERS OF THE IPCC WORKING GROUP II VOLUME,Switzerland,,
EXPERT REVIEWERS OF THE IPCC WORKING GROUP II VOLUME,Switzerland,,
,,,
EXPERT REVIEWERS OF THE IPCC WORKING GROUP II VOLUME,Tanzania,,
,,,
EXPERT REVIEWERS OF THE IPCC WORKING GROUP II VOLUME,Thailand,,
EXPERT REVIEWERS OF THE IPCC WORKING GROUP II VOLUME,Thailand,,
,,,
EXPERT REVIEWERS OF THE IPCC WORKING GROUP II VOLUME,The Netherlands,,
EXPERT REVIEWERS OF THE IPCC WORKING GROUP II VOLUME,The Netherlands,,
EXPERT REVIEWERS OF THE IPCC WORKING GROUP II VOLUME,The Netherlands,,
EXPERT REVIEWERS OF THE IPCC WORKING GROUP II VOLUME,The Netherlands,,
EXPERT REVIEWERS OF THE IPCC WORKING GROUP II VOLUME,The Netherlands,,
EXPERT REVIEWERS OF THE IPCC WORKING GROUP II VOLUME,The Netherlands,,
EXPERT REVIEWERS OF THE IPCC WORKING GROUP II VOLUME,The Netherlands,,
EXPERT REVIEWERS OF THE IPCC WORKING GROUP II VOLUME,The Netherlands,,
EXPERT REVIEWERS OF THE IPCC WORKING GROUP II VOLUME,The Netherlands,,
EXPERT REVIEWERS OF THE IPCC WORKING GROUP II VOLUME,The Netherlands,,
EXPERT REVIEWERS OF THE IPCC WORKING GROUP II VOLUME,The Netherlands,,
EXPERT REVIEWERS OF THE IPCC WORKING GROUP II VOLUME,The Netherlands,,
EXPERT REVIEWERS OF THE IPCC WORKING GROUP II VOLUME,The Netherlands,,
EXPERT REVIEWERS OF THE IPCC WORKING GROUP II VOLUME,The Netherlands,,
EXPERT REVIEWERS OF THE IPCC WORKING GROUP II VOLUME,The Netherlands,,
EXPERT REVIEWERS OF THE IPCC WORKING GROUP II VOLUME,The Netherlands,,
EXPERT REVIEWERS OF THE IPCC WORKING GROUP II VOLUME,The Netherlands,,
EXPERT REVIEWERS OF THE IPCC WORKING GROUP II VOLUME,The Netherlands,,
EXPERT REVIEWERS OF THE IPCC WORKING GROUP II VOLUME,The Netherlands,,
EXPERT REVIEWERS OF THE IPCC WORKING GROUP II VOLUME,The Netherlands,,
EXPERT REVIEWERS OF THE IPCC WORKING GROUP II VOLUME,The Netherlands,,
,,,
EXPERT REVIEWERS OF THE IPCC WORKING GROUP II VOLUME,The Netherlands,,
EXPERT REVIEWERS OF THE IPCC WORKING GROUP II VOLUME,The Netherlands,,
,,,
EXPERT REVIEWERS OF THE IPCC WORKING GROUP II VOLUME,Tunisia,,
,,,
EXPERT REVIEWERS OF THE IPCC WORKING GROUP II VOLUME,Turkmenistan,,
,,,
EXPERT REVIEWERS OF THE IPCC WORKING GROUP II VOLUME,United Kingdom,,
EXPERT REVIEWERS OF THE IPCC WORKING GROUP II VOLUME,United Kingdom,,
EXPERT REVIEWERS OF THE IPCC WORKING GROUP II VOLUME,United Kingdom,,
EXPERT REVIEWERS OF THE IPCC WORKING GROUP II VOLUME,United Kingdom,,
EXPERT REVIEWERS OF THE IPCC WORKING GROUP II VOLUME,United Kingdom,,
EXPERT REVIEWERS OF THE IPCC WORKING GROUP II VOLUME,United Kingdom,,
EXPERT REVIEWERS OF THE IPCC WORKING GROUP II VOLUME,United Kingdom,,
EXPERT REVIEWERS OF THE IPCC WORKING GROUP II VOLUME,United Kingdom,,
EXPERT REVIEWERS OF THE IPCC WORKING GROUP II VOLUME,United Kingdom,,
EXPERT REVIEWERS OF THE IPCC WORKING GROUP II VOLUME,United Kingdom,,
EXPERT REVIEWERS OF THE IPCC WORKING GROUP II VOLUME,United Kingdom,,
EXPERT REVIEWERS OF THE IPCC WORKING GROUP II VOLUME,United Kingdom,,
EXPERT REVIEWERS OF THE IPCC WORKING GROUP II VOLUME,United Kingdom,,
EXPERT REVIEWERS OF THE IPCC WORKING GROUP II VOLUME,United Kingdom,,
EXPERT REVIEWERS OF THE IPCC WORKING GROUP II VOLUME,United Kingdom,,
EXPERT REVIEWERS OF THE IPCC WORKING GROUP II VOLUME,United Kingdom,,
EXPERT REVIEWERS OF THE IPCC WORKING GROUP II VOLUME,United Kingdom,,
EXPERT REVIEWERS OF THE IPCC WORKING GROUP II VOLUME,United Kingdom,,
EXPERT REVIEWERS OF THE IPCC WORKING GROUP II VOLUME,United Kingdom,,
EXPERT REVIEWERS OF THE IPCC WORKING GROUP II VOLUME,United Kingdom,,
EXPERT REVIEWERS OF THE IPCC WORKING GROUP II VOLUME,United Kingdom,,
EXPERT REVIEWERS OF THE IPCC WORKING GROUP II VOLUME,United Kingdom,,
EXPERT REVIEWERS OF THE IPCC WORKING GROUP II VOLUME,United Kingdom,,
EXPERT REVIEWERS OF THE IPCC WORKING GROUP II VOLUME,United Kingdom,,
EXPERT REVIEWERS OF THE IPCC WORKING GROUP II VOLUME,United Kingdom,,
EXPERT REVIEWERS OF THE IPCC WORKING GROUP II VOLUME,United Kingdom,,
EXPERT REVIEWERS OF THE IPCC WORKING GROUP II VOLUME,United Kingdom,,
EXPERT REVIEWERS OF THE IPCC WORKING GROUP II VOLUME,United Kingdom,,
EXPERT REVIEWERS OF THE IPCC WORKING GROUP II VOLUME,United Kingdom,,
EXPERT REVIEWERS OF THE IPCC WORKING GROUP II VOLUME,United Kingdom,,
EXPERT REVIEWERS OF THE IPCC WORKING GROUP II VOLUME,United Kingdom,,
EXPERT REVIEWERS OF THE IPCC WORKING GROUP II VOLUME,United Kingdom,,
EXPERT REVIEWERS OF THE IPCC WORKING GROUP II VOLUME,United Kingdom,,
EXPERT REVIEWERS OF THE IPCC WORKING GROUP II VOLUME,United Kingdom,,
EXPERT REVIEWERS OF THE IPCC WORKING GROUP II VOLUME,United Kingdom,,
EXPERT REVIEWERS OF THE IPCC WORKING GROUP II VOLUME,United Kingdom,,
EXPERT REVIEWERS OF THE IPCC WORKING GROUP II VOLUME,United Kingdom,,
EXPERT REVIEWERS OF THE IPCC WORKING GROUP II VOLUME,United Kingdom,,
EXPERT REVIEWERS OF THE IPCC WORKING GROUP II VOLUME,United Kingdom,,
EXPERT REVIEWERS OF THE IPCC WORKING GROUP II VOLUME,United Kingdom,,
EXPERT REVIEWERS OF THE IPCC WORKING GROUP II VOLUME,United Kingdom,,
EXPERT REVIEWERS OF THE IPCC WORKING GROUP II VOLUME,United Kingdom,,
,,,
EXPERT REVIEWERS OF THE IPCC WORKING GROUP II VOLUME,United Kingdom,,
EXPERT REVIEWERS OF THE IPCC WORKING GROUP II VOLUME,United Kingdom,,
EXPERT REVIEWERS OF THE IPCC WORKING GROUP II VOLUME,United Kingdom,,
EXPERT REVIEWERS OF THE IPCC WORKING GROUP II VOLUME,United Kingdom,,
EXPERT REVIEWERS OF THE IPCC WORKING GROUP II VOLUME,United Kingdom,,
EXPERT REVIEWERS OF THE IPCC WORKING GROUP II VOLUME,United Kingdom,,
EXPERT REVIEWERS OF THE IPCC WORKING GROUP II VOLUME,United Kingdom,,
EXPERT REVIEWERS OF THE IPCC WORKING GROUP II VOLUME,United Kingdom,,
EXPERT REVIEWERS OF THE IPCC WORKING GROUP II VOLUME,United Kingdom,,
EXPERT REVIEWERS OF THE IPCC WORKING GROUP II VOLUME,United Kingdom,,
EXPERT REVIEWERS OF THE IPCC WORKING GROUP II VOLUME,United Kingdom,,
EXPERT REVIEWERS OF THE IPCC WORKING GROUP II VOLUME,United Kingdom,,
EXPERT REVIEWERS OF THE IPCC WORKING GROUP II VOLUME,United Kingdom,,
EXPERT REVIEWERS OF THE IPCC WORKING GROUP II VOLUME,United Kingdom,,
EXPERT REVIEWERS OF THE IPCC WORKING GROUP II VOLUME,United Kingdom,,
EXPERT REVIEWERS OF THE IPCC WORKING GROUP II VOLUME,United Kingdom,,
EXPERT REVIEWERS OF THE IPCC WORKING GROUP II VOLUME,United Kingdom,,
EXPERT REVIEWERS OF THE IPCC WORKING GROUP II VOLUME,United Kingdom,,
EXPERT REVIEWERS OF THE IPCC WORKING GROUP II VOLUME,United Kingdom,,
EXPERT REVIEWERS OF THE IPCC WORKING GROUP II VOLUME,United Kingdom,,
EXPERT REVIEWERS OF THE IPCC WORKING GROUP II VOLUME,United Kingdom,,
EXPERT REVIEWERS OF THE IPCC WORKING GROUP II VOLUME,United Kingdom,,
EXPERT REVIEWERS OF THE IPCC WORKING GROUP II VOLUME,United Kingdom,,
EXPERT REVIEWERS OF THE IPCC WORKING GROUP II VOLUME,United Kingdom,,
EXPERT REVIEWERS OF THE IPCC WORKING GROUP II VOLUME,United Kingdom,,
EXPERT REVIEWERS OF THE IPCC WORKING GROUP II VOLUME,United Kingdom,,
EXPERT REVIEWERS OF THE IPCC WORKING GROUP II VOLUME,United Kingdom,,
EXPERT REVIEWERS OF THE IPCC WORKING GROUP II VOLUME,United Kingdom,,
EXPERT REVIEWERS OF THE IPCC WORKING GROUP II VOLUME,United Kingdom,,
EXPERT REVIEWERS OF THE IPCC WORKING GROUP II VOLUME,United Kingdom,,
EXPERT REVIEWERS OF THE IPCC WORKING GROUP II VOLUME,United Kingdom,,
EXPERT REVIEWERS OF THE IPCC WORKING GROUP II VOLUME,United Kingdom,,
EXPERT REVIEWERS OF THE IPCC WORKING GROUP II VOLUME,United Kingdom,,
,,,
EXPERT REVIEWERS OF THE IPCC WORKING GROUP II VOLUME,United States of America,,
EXPERT REVIEWERS OF THE IPCC WORKING GROUP II VOLUME,United States of America,,
EXPERT REVIEWERS OF THE IPCC WORKING GROUP II VOLUME,United States of America,,
EXPERT REVIEWERS OF THE IPCC WORKING GROUP II VOLUME,United States of America,,
EXPERT REVIEWERS OF THE IPCC WORKING GROUP II VOLUME,United States of America,,
EXPERT REVIEWERS OF THE IPCC WORKING GROUP II VOLUME,United States of America,,
EXPERT REVIEWERS OF THE IPCC WORKING GROUP II VOLUME,United States of America,,
EXPERT REVIEWERS OF THE IPCC WORKING GROUP II VOLUME,United States of America,,
EXPERT REVIEWERS OF THE IPCC WORKING GROUP II VOLUME,United States of America,,
EXPERT REVIEWERS OF THE IPCC WORKING GROUP II VOLUME,United States of America,,
EXPERT REVIEWERS OF THE IPCC WORKING GROUP II VOLUME,United States of America,,
EXPERT REVIEWERS OF THE IPCC WORKING GROUP II VOLUME,United States of America,,
EXPERT REVIEWERS OF THE IPCC WORKING GROUP II VOLUME,United States of America,,
EXPERT REVIEWERS OF THE IPCC WORKING GROUP II VOLUME,United States of America,,
EXPERT REVIEWERS OF THE IPCC WORKING GROUP II VOLUME,United States of America,,
,,,
EXPERT REVIEWERS OF THE IPCC WORKING GROUP II VOLUME,United States of America,,
EXPERT REVIEWERS OF THE IPCC WORKING GROUP II VOLUME,United States of America,,
EXPERT REVIEWERS OF THE IPCC WORKING GROUP II VOLUME,United States of America,,
EXPERT REVIEWERS OF THE IPCC WORKING GROUP II VOLUME,United States of America,,
EXPERT REVIEWERS OF THE IPCC WORKING GROUP II VOLUME,United States of America,,
EXPERT REVIEWERS OF THE IPCC WORKING GROUP II VOLUME,United States of America,,
EXPERT REVIEWERS OF THE IPCC WORKING GROUP II VOLUME,United States of America,,
EXPERT REVIEWERS OF THE IPCC WORKING GROUP II VOLUME,United States of America,,
EXPERT REVIEWERS OF THE IPCC WORKING GROUP II VOLUME,United States of America,,
EXPERT REVIEWERS OF THE IPCC WORKING GROUP II VOLUME,United States of America,,
EXPERT REVIEWERS OF THE IPCC WORKING GROUP II VOLUME,United States of America,,
EXPERT REVIEWERS OF THE IPCC WORKING GROUP II VOLUME,United States of America,,
EXPERT REVIEWERS OF THE IPCC WORKING GROUP II VOLUME,United States of America,,
EXPERT REVIEWERS OF THE IPCC WORKING GROUP II VOLUME,United States of America,,
EXPERT REVIEWERS OF THE IPCC WORKING GROUP II VOLUME,United States of America,,
EXPERT REVIEWERS OF THE IPCC WORKING GROUP II VOLUME,United States of America,,
EXPERT REVIEWERS OF THE IPCC WORKING GROUP II VOLUME,United States of America,,
EXPERT REVIEWERS OF THE IPCC WORKING GROUP II VOLUME,United States of America,,
EXPERT REVIEWERS OF THE IPCC WORKING GROUP II VOLUME,United States of America,,
EXPERT REVIEWERS OF THE IPCC WORKING GROUP II VOLUME,United States of America,,
EXPERT REVIEWERS OF THE IPCC WORKING GROUP II VOLUME,United States of America,,
EXPERT REVIEWERS OF THE IPCC WORKING GROUP II VOLUME,United States of America,,
EXPERT REVIEWERS OF THE IPCC WORKING GROUP II VOLUME,United States of America,,
EXPERT REVIEWERS OF THE IPCC WORKING GROUP II VOLUME,United States of America,,
EXPERT REVIEWERS OF THE IPCC WORKING GROUP II VOLUME,United States of America,,
EXPERT REVIEWERS OF THE IPCC WORKING GROUP II VOLUME,United States of America,,
EXPERT REVIEWERS OF THE IPCC WORKING GROUP II VOLUME,United States of America,,
EXPERT REVIEWERS OF THE IPCC WORKING GROUP II VOLUME,United States of America,,
EXPERT REVIEWERS OF THE IPCC WORKING GROUP II VOLUME,United States of America,,
EXPERT REVIEWERS OF THE IPCC WORKING GROUP II VOLUME,United States of America,,
EXPERT REVIEWERS OF THE IPCC WORKING GROUP II VOLUME,United States of America,,
EXPERT REVIEWERS OF THE IPCC WORKING GROUP II VOLUME,United States of America,,
EXPERT REVIEWERS OF THE IPCC WORKING GROUP II VOLUME,United States of America,,
EXPERT REVIEWERS OF THE IPCC WORKING GROUP II VOLUME,United States of America,,
EXPERT REVIEWERS OF THE IPCC WORKING GROUP II VOLUME,United States of America,,
EXPERT REVIEWERS OF THE IPCC WORKING GROUP II VOLUME,United States of America,,
EXPERT REVIEWERS OF THE IPCC WORKING GROUP II VOLUME,United States of America,,
EXPERT REVIEWERS OF THE IPCC WORKING GROUP II VOLUME,United States of America,,
EXPERT REVIEWERS OF THE IPCC WORKING GROUP II VOLUME,United States of America,,
EXPERT REVIEWERS OF THE IPCC WORKING GROUP II VOLUME,United States of America,,
EXPERT REVIEWERS OF THE IPCC WORKING GROUP II VOLUME,United States of America,,
EXPERT REVIEWERS OF THE IPCC WORKING GROUP II VOLUME,United States of America,,
EXPERT REVIEWERS OF THE IPCC WORKING GROUP II VOLUME,United States of America,,
EXPERT REVIEWERS OF THE IPCC WORKING GROUP II VOLUME,United States of America,,
EXPERT REVIEWERS OF THE IPCC WORKING GROUP II VOLUME,United States of America,,
EXPERT REVIEWERS OF THE IPCC WORKING GROUP II VOLUME,United States of America,,
EXPERT REVIEWERS OF THE IPCC WORKING GROUP II VOLUME,United States of America,,
EXPERT REVIEWERS OF THE IPCC WORKING GROUP II VOLUME,United States of America,,
EXPERT REVIEWERS OF THE IPCC WORKING GROUP II VOLUME,United States of America,,
,,,
EXPERT REVIEWERS OF THE IPCC WORKING GROUP II VOLUME,United States of America,,
EXPERT REVIEWERS OF THE IPCC WORKING GROUP II VOLUME,United States of America,,
EXPERT REVIEWERS OF THE IPCC WORKING GROUP II VOLUME,United States of America,,
EXPERT REVIEWERS OF THE IPCC WORKING GROUP II VOLUME,United States of America,,
EXPERT REVIEWERS OF THE IPCC WORKING GROUP II VOLUME,United States of America,,
EXPERT REVIEWERS OF THE IPCC WORKING GROUP II VOLUME,United States of America,,
EXPERT REVIEWERS OF THE IPCC WORKING GROUP II VOLUME,United States of America,,
EXPERT REVIEWERS OF THE IPCC WORKING GROUP II VOLUME,United States of America,,
EXPERT REVIEWERS OF THE IPCC WORKING GROUP II VOLUME,United States of America,,
EXPERT REVIEWERS OF THE IPCC WORKING GROUP II VOLUME,United States of America,,
EXPERT REVIEWERS OF THE IPCC WORKING GROUP II VOLUME,United States of America,,
EXPERT REVIEWERS OF THE IPCC WORKING GROUP II VOLUME,United States of America,,
EXPERT REVIEWERS OF THE IPCC WORKING GROUP II VOLUME,United States of America,,
EXPERT REVIEWERS OF THE IPCC WORKING GROUP II VOLUME,United States of America,,
EXPERT REVIEWERS OF THE IPCC WORKING GROUP II VOLUME,United States of America,,
EXPERT REVIEWERS OF THE IPCC WORKING GROUP II VOLUME,United States of America,,
EXPERT REVIEWERS OF THE IPCC WORKING GROUP II VOLUME,United States of America,,
EXPERT REVIEWERS OF THE IPCC WORKING GROUP II VOLUME,United States of America,,
EXPERT REVIEWERS OF THE IPCC WORKING GROUP II VOLUME,United States of America,,
EXPERT REVIEWERS OF THE IPCC WORKING GROUP II VOLUME,United States of America,,
EXPERT REVIEWERS OF THE IPCC WORKING GROUP II VOLUME,United States of America,,
EXPERT REVIEWERS OF THE IPCC WORKING GROUP II VOLUME,United States of America,,
EXPERT REVIEWERS OF THE IPCC WORKING GROUP II VOLUME,United States of America,,
EXPERT REVIEWERS OF THE IPCC WORKING GROUP II VOLUME,United States of America,,
EXPERT REVIEWERS OF THE IPCC WORKING GROUP II VOLUME,United States of America,,
EXPERT REVIEWERS OF THE IPCC WORKING GROUP II VOLUME,United States of America,,
EXPERT REVIEWERS OF THE IPCC WORKING GROUP II VOLUME,United States of America,,
EXPERT REVIEWERS OF THE IPCC WORKING GROUP II VOLUME,United States of America,,
EXPERT REVIEWERS OF THE IPCC WORKING GROUP II VOLUME,United States of America,,
EXPERT REVIEWERS OF THE IPCC WORKING GROUP II VOLUME,United States of America,,
EXPERT REVIEWERS OF THE IPCC WORKING GROUP II VOLUME,United States of America,,
EXPERT REVIEWERS OF THE IPCC WORKING GROUP II VOLUME,United States of America,,
EXPERT REVIEWERS OF THE IPCC WORKING GROUP II VOLUME,United States of America,,
EXPERT REVIEWERS OF THE IPCC WORKING GROUP II VOLUME,United States of America,,
EXPERT REVIEWERS OF THE IPCC WORKING GROUP II VOLUME,United States of America,,
EXPERT REVIEWERS OF THE IPCC WORKING GROUP II VOLUME,United States of America,,
EXPERT REVIEWERS OF THE IPCC WORKING GROUP II VOLUME,United States of America,,
EXPERT REVIEWERS OF THE IPCC WORKING GROUP II VOLUME,United States of America,,
EXPERT REVIEWERS OF THE IPCC WORKING GROUP II VOLUME,United States of America,,
EXPERT REVIEWERS OF THE IPCC WORKING GROUP II VOLUME,United States of America,,
EXPERT REVIEWERS OF THE IPCC WORKING GROUP II VOLUME,United States of America,,
EXPERT REVIEWERS OF THE IPCC WORKING GROUP II VOLUME,United States of America,,
EXPERT REVIEWERS OF THE IPCC WORKING GROUP II VOLUME,United States of America,,
EXPERT REVIEWERS OF THE IPCC WORKING GROUP II VOLUME,United States of America,,
EXPERT REVIEWERS OF THE IPCC WORKING GROUP II VOLUME,United States of America,,
EXPERT REVIEWERS OF THE IPCC WORKING GROUP II VOLUME,United States of America,,
EXPERT REVIEWERS OF THE IPCC WORKING GROUP II VOLUME,United States of America,,
EXPERT REVIEWERS OF THE IPCC WORKING GROUP II VOLUME,United States of America,,
EXPERT REVIEWERS OF THE IPCC WORKING GROUP II VOLUME,United States of America,,
EXPERT REVIEWERS OF THE IPCC WORKING GROUP II VOLUME,United States of America,,
EXPERT REVIEWERS OF THE IPCC WORKING GROUP II VOLUME,United States of America,,
EXPERT REVIEWERS OF THE IPCC WORKING GROUP II VOLUME,United States of America,,
EXPERT REVIEWERS OF THE IPCC WORKING GROUP II VOLUME,United States of America,,
EXPERT REVIEWERS OF THE IPCC WORKING GROUP II VOLUME,United States of America,,
,,,
EXPERT REVIEWERS OF THE IPCC WORKING GROUP II VOLUME,United States of America,,
EXPERT REVIEWERS OF THE IPCC WORKING GROUP II VOLUME,United States of America,,
EXPERT REVIEWERS OF THE IPCC WORKING GROUP II VOLUME,United States of America,,
EXPERT REVIEWERS OF THE IPCC WORKING GROUP II VOLUME,United States of America,,
EXPERT REVIEWERS OF THE IPCC WORKING GROUP II VOLUME,United States of America,,
EXPERT REVIEWERS OF THE IPCC WORKING GROUP II VOLUME,United States of America,,
EXPERT REVIEWERS OF THE IPCC WORKING GROUP II VOLUME,United States of America,,
EXPERT REVIEWERS OF THE IPCC WORKING GROUP II VOLUME,United States of America,,
EXPERT REVIEWERS OF THE IPCC WORKING GROUP II VOLUME,United States of America,,
EXPERT REVIEWERS OF THE IPCC WORKING GROUP II VOLUME,United States of America,,
EXPERT REVIEWERS OF THE IPCC WORKING GROUP II VOLUME,United States of America,,
EXPERT REVIEWERS OF THE IPCC WORKING GROUP II VOLUME,United States of America,,
EXPERT REVIEWERS OF THE IPCC WORKING GROUP II VOLUME,United States of America,,
EXPERT REVIEWERS OF THE IPCC WORKING GROUP II VOLUME,United States of America,,
EXPERT REVIEWERS OF THE IPCC WORKING GROUP II VOLUME,United States of America,,
EXPERT REVIEWERS OF THE IPCC WORKING GROUP II VOLUME,United States of America,,
EXPERT REVIEWERS OF THE IPCC WORKING GROUP II VOLUME,United States of America,,
EXPERT REVIEWERS OF THE IPCC WORKING GROUP II VOLUME,United States of America,,
EXPERT REVIEWERS OF THE IPCC WORKING GROUP II VOLUME,United States of America,,
EXPERT REVIEWERS OF THE IPCC WORKING GROUP II VOLUME,United States of America,,
EXPERT REVIEWERS OF THE IPCC WORKING GROUP II VOLUME,United States of America,,
EXPERT REVIEWERS OF THE IPCC WORKING GROUP II VOLUME,United States of America,,
EXPERT REVIEWERS OF THE IPCC WORKING GROUP II VOLUME,United States of America,,
EXPERT REVIEWERS OF THE IPCC WORKING GROUP II VOLUME,United States of America,,
EXPERT REVIEWERS OF THE IPCC WORKING GROUP II VOLUME,United States of America,,
EXPERT REVIEWERS OF THE IPCC WORKING GROUP II VOLUME,United States of America,,
EXPERT REVIEWERS OF THE IPCC WORKING GROUP II VOLUME,United States of America,,
EXPERT REVIEWERS OF THE IPCC WORKING GROUP II VOLUME,United States of America,,
EXPERT REVIEWERS OF THE IPCC WORKING GROUP II VOLUME,United States of America,,
EXPERT REVIEWERS OF THE IPCC WORKING GROUP II VOLUME,United States of America,,
EXPERT REVIEWERS OF THE IPCC WORKING GROUP II VOLUME,United States of America,,
EXPERT REVIEWERS OF THE IPCC WORKING GROUP II VOLUME,United States of America,,
EXPERT REVIEWERS OF THE IPCC WORKING GROUP II VOLUME,United States of America,,
EXPERT REVIEWERS OF THE IPCC WORKING GROUP II VOLUME,United States of America,,
EXPERT REVIEWERS OF THE IPCC WORKING GROUP II VOLUME,United States of America,,
EXPERT REVIEWERS OF THE IPCC WORKING GROUP II VOLUME,United States of America,,
EXPERT REVIEWERS OF THE IPCC WORKING GROUP II VOLUME,United States of America,,
EXPERT REVIEWERS OF THE IPCC WORKING GROUP II VOLUME,United States of America,,
EXPERT REVIEWERS OF THE IPCC WORKING GROUP II VOLUME,United States of America,,
EXPERT REVIEWERS OF THE IPCC WORKING GROUP II VOLUME,United States of America,,
EXPERT REVIEWERS OF THE IPCC WORKING GROUP II VOLUME,United States of America,,
EXPERT REVIEWERS OF THE IPCC WORKING GROUP II VOLUME,United States of America,,
EXPERT REVIEWERS OF THE IPCC WORKING GROUP II VOLUME,United States of America,,
EXPERT REVIEWERS OF THE IPCC WORKING GROUP II VOLUME,United States of America,,
EXPERT REVIEWERS OF THE IPCC WORKING GROUP II VOLUME,United States of America,,
EXPERT REVIEWERS OF THE IPCC WORKING GROUP II VOLUME,United States of America,,
EXPERT REVIEWERS OF THE IPCC WORKING GROUP II VOLUME,United States of America,,
EXPERT REVIEWERS OF THE IPCC WORKING GROUP II VOLUME,United States of America,,
EXPERT REVIEWERS OF THE IPCC WORKING GROUP II VOLUME,United States of America,,
EXPERT REVIEWERS OF THE IPCC WORKING GROUP II VOLUME,United States of America,,
EXPERT REVIEWERS OF THE IPCC WORKING GROUP II VOLUME,United States of America,,
EXPERT REVIEWERS OF THE IPCC WORKING GROUP II VOLUME,United States of America,,
EXPERT REVIEWERS OF THE IPCC WORKING GROUP II VOLUME,United States of America,,
,,,
EXPERT REVIEWERS OF THE IPCC WORKING GROUP II VOLUME,United States of America,,
EXPERT REVIEWERS OF THE IPCC WORKING GROUP II VOLUME,United States of America,,
EXPERT REVIEWERS OF THE IPCC WORKING GROUP II VOLUME,United States of America,,
EXPERT REVIEWERS OF THE IPCC WORKING GROUP II VOLUME,United States of America,,
EXPERT REVIEWERS OF THE IPCC WORKING GROUP II VOLUME,United States of America,,
EXPERT REVIEWERS OF THE IPCC WORKING GROUP II VOLUME,United States of America,,
EXPERT REVIEWERS OF THE IPCC WORKING GROUP II VOLUME,United States of America,,
EXPERT REVIEWERS OF THE IPCC WORKING GROUP II VOLUME,United States of America,,
EXPERT REVIEWERS OF THE IPCC WORKING GROUP II VOLUME,United States of America,,
EXPERT REVIEWERS OF THE IPCC WORKING GROUP II VOLUME,United States of America,,
EXPERT REVIEWERS OF THE IPCC WORKING GROUP II VOLUME,United States of America,,
EXPERT REVIEWERS OF THE IPCC WORKING GROUP II VOLUME,United States of America,,
EXPERT REVIEWERS OF THE IPCC WORKING GROUP II VOLUME,United States of America,,
EXPERT REVIEWERS OF THE IPCC WORKING GROUP II VOLUME,United States of America,,
EXPERT REVIEWERS OF THE IPCC WORKING GROUP II VOLUME,United States of America,,
EXPERT REVIEWERS OF THE IPCC WORKING GROUP II VOLUME,United States of America,,
EXPERT REVIEWERS OF THE IPCC WORKING GROUP II VOLUME,United States of America,,
EXPERT REVIEWERS OF THE IPCC WORKING GROUP II VOLUME,United States of America,,
EXPERT REVIEWERS OF THE IPCC WORKING GROUP II VOLUME,United States of America,,
EXPERT REVIEWERS OF THE IPCC WORKING GROUP II VOLUME,United States of America,,
EXPERT REVIEWERS OF THE IPCC WORKING GROUP II VOLUME,United States of America,,
EXPERT REVIEWERS OF THE IPCC WORKING GROUP II VOLUME,United States of America,,
EXPERT REVIEWERS OF THE IPCC WORKING GROUP II VOLUME,United States of America,,
EXPERT REVIEWERS OF THE IPCC WORKING GROUP II VOLUME,United States of America,,
EXPERT REVIEWERS OF THE IPCC WORKING GROUP II VOLUME,United States of America,,
EXPERT REVIEWERS OF THE IPCC WORKING GROUP II VOLUME,United States of America,,
EXPERT REVIEWERS OF THE IPCC WORKING GROUP II VOLUME,United States of America,,
EXPERT REVIEWERS OF THE IPCC WORKING GROUP II VOLUME,United States of America,,
EXPERT REVIEWERS OF THE IPCC WORKING GROUP II VOLUME,United States of America,,
EXPERT REVIEWERS OF THE IPCC WORKING GROUP II VOLUME,United States of America,,
EXPERT REVIEWERS OF THE IPCC WORKING GROUP II VOLUME,United States of America,,
EXPERT REVIEWERS OF THE IPCC WORKING GROUP II VOLUME,United States of America,,
EXPERT REVIEWERS OF THE IPCC WORKING GROUP II VOLUME,United States of America,,
EXPERT REVIEWERS OF THE IPCC WORKING GROUP II VOLUME,United States of America,,
EXPERT REVIEWERS OF THE IPCC WORKING GROUP II VOLUME,United States of America,,
EXPERT REVIEWERS OF THE IPCC WORKING GROUP II VOLUME,United States of America,,
EXPERT REVIEWERS OF THE IPCC WORKING GROUP II VOLUME,United States of America,,
EXPERT REVIEWERS OF THE IPCC WORKING GROUP II VOLUME,United States of America,,
EXPERT REVIEWERS OF THE IPCC WORKING GROUP II VOLUME,United States of America,,
EXPERT REVIEWERS OF THE IPCC WORKING GROUP II VOLUME,United States of America,,
EXPERT REVIEWERS OF THE IPCC WORKING GROUP II VOLUME,United States of America,,
EXPERT REVIEWERS OF THE IPCC WORKING GROUP II VOLUME,United States of America,,
EXPERT REVIEWERS OF THE IPCC WORKING GROUP II VOLUME,United States of America,,
EXPERT REVIEWERS OF THE IPCC WORKING GROUP II VOLUME,United States of America,,
,,,
EXPERT REVIEWERS OF THE IPCC WORKING GROUP II VOLUME,United States of America,,
EXPERT REVIEWERS OF THE IPCC WORKING GROUP II VOLUME,United States of America,,
EXPERT REVIEWERS OF THE IPCC WORKING GROUP II VOLUME,United States of America,,
EXPERT REVIEWERS OF THE IPCC WORKING GROUP II VOLUME,United States of America,,
EXPERT REVIEWERS OF THE IPCC WORKING GROUP II VOLUME,United States of America,,
EXPERT REVIEWERS OF THE IPCC WORKING GROUP II VOLUME,United States of America,,
EXPERT REVIEWERS OF THE IPCC WORKING GROUP II VOLUME,United States of America,,
EXPERT REVIEWERS OF THE IPCC WORKING GROUP II VOLUME,United States of America,,
EXPERT REVIEWERS OF THE IPCC WORKING GROUP II VOLUME,United States of America,,
EXPERT REVIEWERS OF THE IPCC WORKING GROUP II VOLUME,United States of America,,
EXPERT REVIEWERS OF THE IPCC WORKING GROUP II VOLUME,United States of America,,
EXPERT REVIEWERS OF THE IPCC WORKING GROUP II VOLUME,United States of America,,
EXPERT REVIEWERS OF THE IPCC WORKING GROUP II VOLUME,United States of America,,
EXPERT REVIEWERS OF THE IPCC WORKING GROUP II VOLUME,United States of America,,
EXPERT REVIEWERS OF THE IPCC WORKING GROUP II VOLUME,United States of America,,
EXPERT REVIEWERS OF THE IPCC WORKING GROUP II VOLUME,United States of America,,
EXPERT REVIEWERS OF THE IPCC WORKING GROUP II VOLUME,United States of America,,
,,,
EXPERT REVIEWERS OF THE IPCC WORKING GROUP II VOLUME,Uruguay,,
,,,
EXPERT REVIEWERS OF THE IPCC WORKING GROUP II VOLUME,Venezuela,,
EXPERT REVIEWERS OF THE IPCC WORKING GROUP II VOLUME,Venezuela,,
EXPERT REVIEWERS OF THE IPCC WORKING GROUP II VOLUME,Venezuela,,
EXPERT REVIEWERS OF THE IPCC WORKING GROUP II VOLUME,Venezuela,,
EXPERT REVIEWERS OF THE IPCC WORKING GROUP II VOLUME,Venezuela,,
EXPERT REVIEWERS OF THE IPCC WORKING GROUP II VOLUME,Venezuela,,
,,,
EXPERT REVIEWERS OF THE IPCC WORKING GROUP II VOLUME,Vietnam,,
,,,
EXPERT REVIEWERS OF THE IPCC WORKING GROUP II VOLUME,Western Samoa,,
,,,
EXPERT REVIEWERS OF THE IPCC WORKING GROUP II VOLUME,Zimbabwe,,
EXPERT REVIEWERS OF THE IPCC WORKING GROUP II VOLUME,Zimbabwe,,
,,,
Editorial Support,,,
Editorial Support,,,
Editorial Support,,,
Editorial Support,,,
Editorial Support,,,
Editorial Support,,,
Editorial Support,,,
Editorial Support,,,
Editorial Support,,,
Editorial Support,,,
